Year,United States,Russia,Iran,China,Canada,Afghanistan,Albania,Algeria,Angola,Argentina,Australia,Austria,Azerbaijan,Bahrain,Bangladesh,Barbados,Belarus,Belgium,Bolivia,Bosnia and Herzegovina,Brazil,Brunei,Bulgaria,Cameroon,Chile,Colombia,Congo,Cote d'Ivoire,Croatia,Cuba,Czechia,Czechoslovakia,Denmark,East Timor,Ecuador,Egypt,Equatorial Guinea,France,Gabon,Georgia,Germany,Ghana,Greece,Hungary,India,Indonesia,Iraq,Ireland,Israel,Italy,Japan,Jordan,Kazakhstan,Kuwait,Kyrgyzstan,Libya,Malaysia,Mexico,Moldova,Morocco,Mozambique,Myanmar,Netherlands,New Zealand,Nigeria,Norway,Oman,Pakistan,Papua New Guinea,Peru,Philippines,Poland,Qatar,Romania,Saudi Arabia,Senegal,Serbia,Slovakia,Slovenia,South Africa,South Korea,Spain,Switzerland,Syria,Taiwan,Tajikistan,Tanzania,Thailand,Trinidad and Tobago,Tunisia,Turkey,Turkmenistan,USSR,Ukraine,United Arab Emirates,United Kingdom,Uzbekistan,Venezuela,Vietnam,World,Yemen,Yugoslavia
1900,0.265825512,,0,0,0,0,0,0,0,0,0,0,,0,0,0,,0,0,,0,0,0,,0,0,,,,,,0,0,,0,0,,0,,,0,,0,0,0,0,0,0,0,0,0,,,0,,0,0,0,,0,,0,0,0,0,0,0,0,,0,,0,0,0,0,,,,,,0,0,0,0,0,,,0,0,0,0,,0,0,0,0,,0,,0.265825512,,0
1901,0.29458103,,0,0,0,0,0,0,0,0,0,0,,0,0,0,,0,0,,0,0,0,,0,0,,,,,,0,0,,0,0,,0,,,0,,0,0,0,0,0,0,0,0,0,,,0,,0,0,0,,0,,0,0,0,0,0,0,0,,0,,0,0,0,0,,,,,,0,0,0,0,0,,,0,0,0,0,,0,0,0,0,,0,,0.29458103,,0
1902,0.323336534,,0,0,0,0,0,0,0,0,0,0,,0,0,0,,0,0,,0,0,0,,0,0,,,,,,0,0,,0,0,,0,,,0,,0,0,0,0,0,0,0,0,0,,,0,,0,0,0,,0,,0,0,0,0,0,0,0,,0,,0,0,0,0,,,,,,0,0,0,0,0,,,0,0,0,0,,0,0,0,0,,0,,0.323336534,,0
1903,0.352092042,,0,0,0,0,0,0,0,0,0,0,,0,0,0,,0,0,,0,0,0,,0,0,,,,,,0,0,,0,0,,0,,,0,,0,0,0,0,0,0,0,0,0,,,0,,0,0,0,,0,,0,0,0,0,0,0,0,,0,,0,0,0,0,,,,,,0,0,0,0,0,,,0,0,0,0,,0,0,0,0,,0,,0.352092042,,0
1904,0.380847546,,0,0,0,0,0,0,0,0,0,0,,0,0,0,,0,0,,0,0,0,,0,0,,,,,,0,0,,0,0,,0,,,0,,0,0,0,0,0,0,0,0,0,,,0,,0,0,0,,0,,0,0,0,0,0,0,0,,0,,0,0,0,0,,,,,,0,0,0,0,0,,,0,0,0,0,,0,0,0,0,,0,,0.380847546,,0
1905,0.40960305,,0,0,0,0,0,0,0,0,0,0,,0,0,0,,0,0,,0,0,0,,0,0,,,,,,0,0,,0,0,,0,,,0,,0,0,0,0,0,0,0,0,0,,,0,,0,0,0,,0,,0,0,0,0,0,0,0,,0,,0,0,0,0,,,,,,0,0,0,0,0,,,0,0,0,0,,0,0,0,0,,0,,0.40960305,,0
1906,0.438358558,,0,0,0,0,0,0,0,0,0,0,,0,0,0,,0,0,,0,0,0,,0,0,,,,,,0,0,,0,0,,0,,,0,,0,0,0,0,0,0,0,0,0,,,0,,0,0,0,,0,,0,0,0,0,0,0,0,,0,,0,0,0,0,,,,,,0,0,0,0,0,,,0,0,0,0,,0,0,0,0,,0,,0.438358558,,0
1907,0.46711404,,0,0,0,0,0,0,0,0,0,0,,0,0,0,,0,0,,0,0,0,,0,0,,,,,,0,0,,0,0,,0,,,0,,0,0,0,0,0,0,0,0,0,,,0,,0,0,0,,0,,0,0,0,0,0,0,0,,0,,0,0,0,0,,,,,,0,0,0,0,0,,,0,0,0,0,,0,0,0,0,,0,,0.46711404,,0
1908,0.49586958,,0,0,0,0,0,0,0,0,0,0,,0,0,0,,0,0,,0,0,0,,0,0,,,,,,0,0,,0,0,,0,,,0,,0,0,0,0,0,0,0,0,0,,,0,,0,0,0,,0,,0,0,0,0,0,0,0,,0,,0,0,0,0,,,,,,0,0,0,0,0,,,0,0,0,0,,0,0,0,0,,0,,0.49586958,,0
1909,0.524625084,,0,0,0,0,0,0,0,0,0,0,,0,0,0,,0,0,,0,0,0,,0,0,,,,,,0,0,,0,0,,0,,,0,,0,0,0,0,0,0,0,0,0,,,0,,0,0,0,,0,,0,0,0,0,0,0,0,,0,,0,0,0,0,,,,,,0,0,0,0,0,,,0,0,0,0,,0,0,0,0,,0,,0.524625084,,0
1910,0.553380588,,0,0,0.013939867,0,0,0,0,0,0,0,,0,0,0,,0,0,,0,0,0,,0,0,,,,,,0,0,,0,0,,0,,,0,,0,0,0,0,0,0,0,0,0,,,0,,0,0,0,,0,,0,0,0,0,0,0,0,,0,,0,0,0,0,,,,,,0,0,0,0,0,,,0,0,0,0,,0,0,0,0,,0,,0.5673204,,0
1911,0.583211484,,0,0,0.014263722,0,0,0,0,0,0,0,,0,0,0,,0,0,,0,0,0,,0,0,,,,,,0,0,,0,0,,0,,,0,,0,0,0,0,0,0,0,0,0,,,0,,0,0,0,,0,,0,0,0,0,0,0,0,,0,,0,0,0,0,,,,,,0,0,0,0,0,,,0,0,0,0,,0,0,0,0,,0,,0.597475188,,0
1912,0.613042452,,0,0,0.014587578,0,0,0,0,0,0,0,,0,0,0,,0,0,,0,0,0,,0,0,,,,,,0,0,,0,0,,0,,,0,,0,0,0,0,0,0,0,0,0,,,0,,0,0,0,,0,,0,0,0,0,0,0,0,,0,,0,0,0,0,,,,,,0,0,0,0,0,,,0,0,0,0,,0,0,0,0,,0,,0.627629976,,0
1913,0.642873348,,0,0,0.014911434,0,0,0,0,0,0,0,,0,0,0,,0,0,,0,0,0,,0,0,,,,,,0,0,,0,0,,0,,,0,,0,0,0,0,0,0,0,0,0,,,0,,0,0,0,,0,,0,0,0,0,0,0,0,,0,,0,0,0,0,,,,,,0,0,0,0,0,,,0,0,0,0,,0,0,0,0,,0,,0.657784764,,0
1914,0.672704244,,0,0,0.015235289,0,0,0,0,0,0,0,,0,0,0,,0,0,,0,0,0,,0,0,,,,,,0,0,,0,0,,0,,,0,,0,0,0,0,0,0,0,0,0,,,0,,0,0,0,,0,,0,0,0,0,0,0,0,,0,,0,0,0,0,,,,,,0,0,0,0,0,,,0,0,0,0,,0,0,0,0,,0,,0.687939516,,0
1915,0.702535212,,0,0,0.015559146,0,0,0,0,0,0,0,,0,0,0,,0,0,,0,0,0,,0,0,,,,,,0,0,,0,0,,0,,,0,,0,0,0,0,0,0,0,0,0,,,0,,0,0,0,,0,,0,0,0,0,0,0,0,,0,,0,0,0,0,,,,,,0,0,0,0,0,,,0,0,0,0,,0,0,0,0,,0,,0.718094304,,0
1916,0.732366108,,0,0,0.015883,0,0,0,0,0,0,0,,0,0,0,,0,0,,0,0,0,,0,0,,,,,,0,0,,0,0,,0,,,0,,0,0,0,0,0,0,0,0,0,,,0,,0,0,0,,0,,0,0,0,0,0,0,0,,0,,0,0,0,0,,,,,,0,0,0,0,0,,,0,0,0,0,,0,0,0,0,,0,,0.748249128,,0
1917,0.76219704,,0,0,0.016206856,0,0,0,0,0,0,0,,0,0,0,,0,0,,0,0,0,,0,0,,,,,,0,0,,0,0,,0,,,0,,0,0,0,0,0,0,0,0,0,,,0,,0,0,0,,0,,0,0,0,0,0,0,0,,0,,0,0,0,0,,,,,,0,0,0,0,0,,,0,0,0,0,,0,0,0,0,,0,,0.778403916,,0
1918,0.792027972,,0,0,0.01653071,0,0,0,0,0,0,0,,0,0,0,,0,0,,0,0,0,,0,0,,,,,,0,0,,0,0,,0,,,0,,0,0,0,0,0,0,0,0,0,,,0,,0,0,0,,0,,0,0,0,0,0,0,0,,0,,0,0,0,0,,,,,,0,0,0,0,0,,,0,0,0,0,,0,0,0,0,,0,,0.808558704,,0
1919,0.821858904,,0,0,0.016854566,0,0,0,0,0,0,0,,0,0,0,,0,0,,0,0,0,,0,0,,,,,,0,0,,0,0,,0,,,0,,0,0,0,0,0,0,0,0,0,,,0,,0,0,0,,0,,0,0,0,0,0,0,0,,0,,0,0,0,0,,,,,,0,0,0,0,0,,,0,0,0,0,,0,0,0,0,,0,,0.838713492,,0
1920,0.8516898,,0,0,0.017178422,0,0,0,0,0,0,0,,0,0,0,,0,0,,0,0,0,,0,0,,,,,,0,0,,0,0,,0,,,0,,0,0,0,0,0,0,0,0,0,,,0,,0,0,0,,0,,0,0,0,0,0,0,0,,0,,0,0,0,0,,,,,,0,0,0,0,0,,,0,0,0,0,,0,0,0,0,,0,,0.86886828,,0
1921,0.881520732,,0,0,0.017502278,0,0,0,0,0,0,0,,0,0,0,,0,0,,0,0,0,,0,0,,,,,,0,0,,0,0,,0,,,0,,0,0,0,0,0,0,0,0,0,,,0,,0,0,0,,0,,0,0,0,0,0,0,0,,0,,0,0,0,0,,,,,,0,0,0,0,0,,,0,0,0,0,,0,0,0,0,,0,,0.899023032,,0
1922,0.911351664,,0,0,0.017826133,0,0,0,0,0,0,0,,0,0,0,,0,0,,0,0,0,,0,0,,,,,,0,0,,0,0,,0,,,0,,0,0,0,0.004725773,0,0,0,0,0.001219196,,,0,,0,0,0,,0,,0,0,0,0,0,0,0,,0,,0.012443112,0,0.009630432,0,,,,,,0,0.001732144,0,0,0,,,0,0,0,0,,0.000781634,0,0,0,,0,,0.95971014,,0
1923,1.0674828,,0,0,0.019663661,0,0,0,0,0,0,0,,0,0,0,,0,0,,0,0,0,,0,0,,,,,,0,0,,0,0,,0,,,0,,0,0,0,0.006503356,0,0,0,0,0.00120565,,,0,,0,0,0,,0,,0,0,0,0,0,0,0,,0,,0.012772211,0,0.012189145,0,,,,,,0,0.002049704,0,0,0,,,0,0,0,0,,0.002580632,0,0,0,,0,,1.124447292,,0
1924,1.22361408,,0,0,0.021501188,0,0,0,0,0,0,0,,0,0,0,,0,0,,0,0,0,,0,0,,,,,,0,0,,0,0,,0,,,0,,0,0,0,0.008280941,0,0,0,0,0.001192103,,,0,,0,0,0,,0,,0,0,0,0,0,0,0,,0,,0.013101311,0,0.014747857,0,,,,,,0,0.002367264,0,0,0,,,0,0,0,0,,0.00437963,0,0,0,,0,,1.289184408,,0
1925,1.379745252,,0,0,0.023338717,0,0,0,0,0,0,0,,0,0,0,,0,0,,0,0,0,,0,0,,,,,,0,0,,0,0,,0,,,0,,0,0,0,0.010058525,0,0,0,0,0.001178556,,,0,,0,0,0,,0,,0,0,0,0,0,0,0,,0,,0.013430411,0,0.017306571,0,,,,,,0,0.002684824,0,0,0,,,0,0,0,0,,0.006178628,0,0,0,,0,,1.45392156,,0
1926,1.53587646,,0,0,0.025176244,0,0,0,0,0,0,0,,0,0,0,,0,0,,0,0,0,,0,0,,,,,,0,0,,0,0,,0,,,0,,0,0,0,0.011836109,0,0,0,0,0.00116501,,,0,,0,0,0,,0,,0,0,0,0,0,0,0,,0,,0.013759511,0,0.019865285,0,,,,,,0,0.003002383,0,0,0,,,0,0,0,0,,0.007977626,0,0,0,,0,,1.61865864,,0
1927,1.692007704,,0,0,0.027013773,0,0,0,0,0,0,0,,0,0,0,,0,0,,0,0,0,,0,0,,,,,,0,0,,0,0,,0,,,0,,0,0,0,0.013613693,0,0,0,0,0.001151463,,,0,,0,0,0,,0,,0,0,0,0,0,0,0,,0,,0.014088612,0,0.022423997,0,,,,,,0,0.003319943,0,0,0,,,0,0,0,0,,0.009776624,0,0,0,,0,,1.783395828,,0
1928,1.84813902,,0,0,0.0288513,0,0,0,0,0,0,0,,0,0,0,,0,0,,0,0,0,,0,0,,,,,,0,0,,0,0,,0,,,0,,0,0,0,0.015391278,0,0,0,0,0.001137916,,,0,,0,0,0,,0,,0,0,0,0,0,0,0,,0,,0.01441771,0,0.024982709,0,,,,,,0,0.003637503,0,0,0,,,0,0,0,0,,0.011575623,0,0,0,,0,,1.94813316,,0
1929,1.931480856,,0,0,0.029808785,0,0,0,0,0.010386396,0,0,,0,0,0,,0,0,,0,0,0,,0,0,,,,,,0,0,,0,0,,0,,,0,,0,0,0,0.017934811,0,0,0,0,0.001228227,,,0,,0,0,0,,0,,0,0,0,0,0,0,0,,0,,0.014671936,0,0.031161229,0,,,,,,0,0.003964686,0,0,0.002991544,,,0,0.005797011,0,0,,0.019156229,0,0,0,,0,,2.0685816,,0
1930,2.014822908,,0,0,0.03076627,0,0,0,0,0.011549556,0,0,,0,0,0,,0,0,,0,0,0,,0,0,,,,,,0,0,,0,0,,0,,,0,,0,0,0,0.020478348,0,0,0,0,0.001318538,,,0,,0,0,0,,0,,0,0,0,0,0,0,0,,0,,0.014926162,0,0.037339747,0,,,,,,0,0.004291869,0,0,0,,,0,0.006408076,0,0,,0.026736835,0,0,0,,0,,2.168638344,,0
1931,2.09816478,,0,0,0.031723758,0,0,0,0,0.012712716,0,0,,0,0,0,,0,0,,0,0,0,,0,0,,,,,,0,0,,0,0,,0,,,0,,0,0,0,0.023021881,0,0,0,0,0.001408849,,,0,,0,0,0,,0,,0,0,0,0,0,0,0,,0,,0.015180386,0,0.043518269,0,,,,,,0,0.004619051,0,0,0,,,0,0.007019142,0,0,,0.034317439,0,0,0,,0,,2.2716864,,0
1932,2.181506616,,0,0,0.032681243,0,0,0,0,0.013875877,0,0,,0,0,0,,0,0,,0,0,0,,0,0,,,,,,0,0,,0,0,,0,,,0,,0,0,0,0.025565418,0,0,0,0,0.00149916,,,0,,0,0,0,,0,,0,0,0,0,0,0,0,,0,,0.015434611,0,0.04969679,0,,,,,,0,0.004946234,0,0,0,,,0,0.007630207,0,0,,0.041898049,0,0,0,,0,,2.374734384,,0
1933,2.264848668,,0,0,0.033638728,0,0,0,0,0.015039037,0,0,,0,0,0,,0,0,,0,0,0,,0,0,,,,,,0,0,,0,0,,0,,,0,,0,0,0,0.028108951,0,0,0,0,0.001589471,,,0,,0,0,0,,0,,0,0,0,0,0,0,0,,0,,0.015688837,0,0.055875308,0,,,,,,0,0.005273417,0,0,0,,,0,0.008241273,0,0,,0.049478652,0,0,0,,0,,2.47778244,,0
1934,2.34819054,,0,0,0.034596216,0,0,0,0,0.016202197,0,0,,0,0,0,,0,0,,0,0,0,,0,0,,,,,,0,0,,0,0,,0,,,0,,0,0,0,0.030652488,0,0,0,0,0.001679781,,,0,,0,0,0,,0,,0,0,0,0,0,0,0,,0,,0.015943062,0,0.06205383,0,,,,,,0,0.0056006,0,0,0,,,0,0.008852339,0,0,,0.057059258,0,0,0,,0,,2.580830424,,0
1935,2.43153252,,0,0,0.035553701,0,0,0,0,0.017365357,0,0,,0,0,0,,0,0,,0,0,0,,0,0,,,,,,0,0,,0,0,,0,,,0,,0,0,0,0.033196021,0,0,0,0,0.001770092,,,0,,0,0,0,,0,,0,0,0,0,0,0,0,,0,,0.016197288,0,0.068232348,0,,,,,,0,0.005927783,0,0,0,,,0,0.009463403,0,0,,0.064639868,0,0,0,,0,,2.68387848,,0
1936,2.514874428,,0,0,0.036511186,0,0,0,0,0.018528518,0,0,,0,0,0,,0,0,,0,0,0,,0,0,,,,,,0,0,,0,0,,0,,,0,,0,0,0,0.035739554,0,0,0,0,0.001860403,,,0,,0,0,0,,0,,0,0,0,0,0,0,0,,0,,0.016451513,0,0.074410866,0,,,,,,0,0.006254965,0,0,0,,,0,0.010074469,0,0,,0.072220475,0,0,0,,0,,2.786926464,,0
1937,2.5982163,,0,0,0.037468674,0,0,0,0,0.019691678,0,0,,0,0,0,,0,0,,0,0.003017296,0,,0,0.023103259,,,,,,0,0,,0.001734228,0,,0,,,0,,0,0,0,0.038283091,0,0,0,0,0.001950714,,,0,,0,0,0.03867759,,0,,0,0,0,0,0,0,0,,0,,0.016705739,0,0.080589384,0,,,,,,0,0.006582148,0,0,0.001647517,,,0,0.010685534,0,0,,0.079801074,0,0,0,,0.031723042,,2.9898774,,0
1938,2.81927376,,0,0,0.039669952,0,0,0,0,0.019931926,0,0,,0,0,0,,0,0,,0,0,0,,0,0.023650825,,,,,,0,0,,0.001859478,0,,0,,,0,,0,0,0,0,0,0,0,0,0.001896527,,,0,,0,0,0.038871256,,0,,0,0,0,0,0,0,0,,0,,0.015368445,0,0.077598626,0,,,,,,0,0.006817912,0,0,0,,,0,0.01143059,0,0,,0.086442894,0,0,0,,0.032201654,,3.17501388,,0
1939,3.0403314,,0,0,0.041871231,0,0,0,0,0.020172172,0,0,,0,0,0,,0,0,,0,0,0,,0,0.02419839,,,,,,0,0,,0.001984728,0,,0,,,0,,0,0,0,0,0,0,0,0,0.001842341,,,0,,0,0,0.039064921,,0,,0,0,0,0,0,0,0,,0,,0.014031149,0,0.074607865,0,,,,,,0,0.007053676,0,0,0,,,0,0.012175645,0,0,,0.093084714,0,0,0,,0.032680267,,3.40309836,,0
1940,3.26138886,,0,0,0.044072507,0,0,0,0,0.020412419,0,0,,0,0,0,,0,0,,0,0,0,,0,0.024745957,,,,,,0,0,,0.002109978,0,,0,,,0,,0,0,0,0,0,0,0,0,0.001788154,,,0,,0,0,0.039258587,,0,,0,0,0,0,0,0,0,,0,,0.012693854,0,0.0716171,0,,,,,,0,0.007289441,0,0,0,,,0,0.0129207,0,0,,0.099726534,0,0,0,,0.033158884,,3.63118284,,0
1941,3.48244632,,0,0,0.046273784,0,0,0,0,0.020652667,0,0,,0,0,0,,0,0,,0,0,0,,0,0.025293523,,,,,,0,0,,0.002235228,0,,0,,,0,,0,0,0,0,0,0,0,0,0.001733968,,,0,,0,0,0.039452252,,0,,0,0,0,0,0,0,0,,0,,0.01135656,0,0.068626339,0,,,,,,0,0.007525205,0,0,0,,,0,0.013665756,0,0,,0.10636835,0,0,0,,0.033637496,,3.85926732,,0
1942,3.7035036,,0,0,0.048475066,0,0,0,0,0.020892915,0,0,,0,0,0,,0,0,,0,0,0,,0,0.025841088,,,,,,0,0,,0.002360478,0,,0,,,0,,0,0,0,0,0,0,0,0,0.001679781,,,0,,0,0,0.039645914,,0,,0,0,0,0,0,0,0,,0,,0.010019264,0,0.065635578,0,,,,,,0,0.007760969,0,0,0,,,0,0.014410811,0,0,,0.11301017,0,0,0,,0.034116109,,4.0873518,,0
1943,3.92456124,,0,0,0.050676343,0,0,0,0,0.021133162,0,0,,0,0,0,,0,0,,0,0,0,,0,0.026388654,,,,,,0,0,,0.002485727,0,,0,,,0,,0,0,0,0,0,0,0,0,0.001625595,,,0,,0,0,0.039839576,,0,,0,0,0,0,0,0,0,,0,,0.00868197,0,0.06264482,0,,,,,,0,0.007996733,0,0,0,,,0,0.015155867,0,0,,0.11965199,0,0,0,,0.034594722,,4.31543628,,0
1944,4.14561888,,0,0,0.052877624,0,0,0,0,0.021373409,0,0,,0,0,0,,0,0,,0,0,0,,0,0.026936219,,,,,,0,0,,0.002610977,0,,0,,,0,,0,0,0,0,0,0,0,0,0.001571408,,,0,,0,0,0.040033242,,0,,0,0,0,0,0,0,0,,0,,0.007344675,0,0.059654052,0,,,,,,0,0.008232497,0,0,0,,,0,0.015900921,0,0,,0.126293796,0,0,0,,0.035073335,,4.54352076,,0
1945,4.36667616,,0,0,0.055078902,0,0,0,0,0.021613656,0,0,,0,0,0,,0,0,,0,0,0,,0,0.027483786,,,,,,0,0,,0.002736227,0,,0,,,0,,0,0,0,0,0,0,0,0,0.001517222,,,0,,0,0,0.040226908,,0,,0,0,0,0,0,0,0,,0,,0.006007379,0,0.056663291,0,,,,,,0,0.008468261,0,0,0,,,0,0.016645976,0,0,,0.132935627,0,0,0,,0.035551948,,4.77160524,,0
1946,4.5877338,,0,0,0.05728018,0,0,0.003033337,0,0.021853903,0,0.001840074,,0,0,0,,0,0,,0.000375284,0.001280065,0,,0,0.028031352,,,,,,0,0,,0.002861477,0,,0.004237554,,,0.008447753,,0,0.003745641,0,0,0,0,0,0.002455899,0.001463035,,,0,,0,0,0.040420573,,0,,0,0,0,0,0,0,0,,0,,0.004670085,0,0.053672533,0,,,,,,0,0.008704025,0,0,0.001647517,,,0,0.017391033,0,0,,0.139577436,0,0,0,,0.03603056,,5.02698996,,0.000237235
1947,5.06164752,,0,0,0.062982853,0,0,0.003033337,0,0.022510291,0,0.002120086,,0,0,4.34E-05,,0,0,,4.17E-05,0.001142915,0,,0,0.025454275,,,,,,0,0,,0.003771947,0,,0.011171732,,,0.006045181,,0,0.00415725,0,0.001040537,0,0,0,0.003607101,0.001584955,,,0,,0,0,0.049342979,,0,,0,3.52E-05,0,0,0,0,0,,0,,0.004638742,0,0.047386559,0,,,,,,0,0.009266972,0,0,0.000997181,,,0,0.017607338,0,0,,0.170842799,0,0,0,,0.050613286,,5.56156044,,0.00047447
1948,5.68688724,,0,0,0.069445886,0,0,0.003121259,0,0.017259177,0,0.00964039,,0,0,8.67E-05,,0,0,,0.000125095,0.001645798,0,,0,0.015778939,,,,,,0,0,,0.004595705,0,,0.01379131,,,0.005192655,,0,0.013171486,0,0.015998256,0,0,0,0.00448969,0.002072633,,,0,,0,0,0.051749953,,0,,0,0.000210995,0,0,0,0,0,,0,,0.004920827,0,0.094531352,0,,,,,,0,0.010133044,0,0,0.000823758,,,0,0.020116492,0,0,,0.18870871,0,0,0,,0.052811914,,6.28766532,,0.000355853
1949,5.98739472,,0,0,0.072318341,0,0,0.003165221,0,0.025637792,0,0.002160087,,0,0,8.67E-05,,0,0,,0.000208491,0,0,,0.000165607,0.022334657,,,,,,0,0,,0.004725773,0,,0.018799327,,,0.004185125,,0,0.015311853,0,0.025623224,0,0,0,0.009554981,0.002357113,,,0,,0,0,0.052704443,,0,,0,0.000246161,0,0,0,0,0,,0,,0.004262628,0,0.190190959,0,,,,,,0,0.011085723,0,0,0.000823758,,,0,0.021154763,0,0,,0.195036217,0,0,0,,0.048863358,,6.71871312,,0.000316314
1950,6.93963,,0,0,0.081146923,0,0,0.003297105,0,0.029151407,0,0.018800761,,0,0,8.67E-05,,0.002404122,0,,0.000208491,0,0,,0.008238972,0.023058047,,,,,,0.001421021,0,,0.005722954,0,,0.020263209,,,0.005270158,,0,0.015682302,0,0.026923896,0,0,0,0.019570442,0.002804151,,,0,,0,0,0.038179598,,0,,8.67E-05,0.000281327,0,0,0,0,0,,0.016287699,,0.005735742,0,0.13067568,0,,,,,,0,0.011562063,0,0,0.001040537,,,0,0.020549105,4.34E-05,0,,0.214428168,0,0,3.88E-05,,0.050119718,,7.69188168,,0.000593088
1951,8.23762692,,0,0,0.095044543,0,0.000216779,0.003516912,0,0.032047243,0,0.019320782,,0,0,0.000130067,,0.004313277,0,,0.000333586,0.00228583,0,,0.005920467,0.022108598,,,,,,0.003110885,0,,0.006590068,0,,0.023113928,,,0.006432692,,0,0.016670164,0,0.034034234,0,0,0,0.037068721,0.003373109,,,0,,0,0,0.054364428,,0,,8.67E-05,0.000316493,0,0,0,0,0,,0.016488781,,0.00868197,0,0.162992038,0,,,,,,0,0.011951796,0,0,0.00091047,,,0,0.020376059,8.67E-05,0,,0.232703496,0,0,0,,0.06461271,,9.12423348,,0.00051401
1952,8.85182616,,0,0,0.106069716,0,0.000216779,0.003560873,0,0.034672799,0,0.017920724,,0,0,0.000173423,,0.004383987,0,,0.000291887,0.00228583,0,,0.00244271,0.009223219,,,,,,0.004800748,0,,0,0,,0.022381986,,,0.007440223,,0,0.020580448,0,0.046347253,0,0,0,0.054989107,0.003698229,,,0,,0,0,0.05975937,,0,,0.000130067,0.00101981,0,0,0,0,0,,0.016488781,,0.009810312,0,0.199579608,0,,,,,,0,0.013034386,0,0,0.000737047,,,0,0.02067889,0.000130067,0,,0.237616632,0,0,0,,0.078612127,,9.82665612,,0.000553549
1953,9.276039,,0,0,0.120812173,0,0.000433557,0.003692758,0,0.026950572,0,0.022200898,,0,0,0.000173423,,0.003889021,0,,0.001125851,0.002697279,0,,0.002898131,0.021882539,,,,,,0.006452205,0,,0,0,,0.020186163,,,0.008060242,,0,0.022597332,0,0.059223895,0,0,0,0.08749139,0.004470386,,,0,,0,0,0.05975937,,0.000173423,,0.000216779,0.00305943,0,0,0,0,0,,0.016488781,,0.009998369,0,0.225448812,0,,,,,,0,0.013813851,0,0,0.000867114,,,0,0.021673899,0.000130067,0,,0.25563145,0,0,0.000349054,,0.097457497,,10.390842,,0.000948941
1954,9.6582366,,0,0,0.144425473,0,0.000433557,0.003912565,0,0.027298073,0,0.025001012,,0,0,0.000130067,,0.004242568,0,,0.002626987,0.003108729,0,,0.003726168,0.024640463,,,,,,0.006605829,0,,0,0,,0.022728696,,,0.011625348,,0,0.02296778,0,0.06858873,0,0,0,0.113853928,0.005730222,,,0,,0,0,0.05975937,,0.000346846,,0.000216779,0.005169382,0,0,0,0,0,,0.016488781,,0.01122074,0,0.234756864,0,,,,,,0,0.013943762,0,0,0.001170604,,,0,0.022279556,0.000173423,0,,0.279601524,0,0,0,,0.109841605,,10.89935316,,0.001107098
1955,10.3895496,,0.013119059,0.004769128,0.180331182,0,0.000650336,0.003912565,0,0.027761406,0,0.030641242,,0,0,0.000130067,,0.005656757,0.000226059,,0.002585289,0.003520178,0,,0.00463701,0.024369192,,,,,,0.006644235,0,,0,0,,0.024423717,,,0.018600557,,0,0.022432688,0,0.08272269,0.01435074,0,0,0.139180381,0.00633982,,,0,,0,0,0.07677419,,0.00030349,,0.000260134,0.004747392,0,0,0,0,0.001573906,,0.016488781,,0.01231774,0,0.248577984,0,,,,,,0,0.013683939,0,0,0.001127248,,,0,0.021544114,0.000173423,0,,0.333534276,0,0,0.001163512,,0.123302581,,11.8568268,,0.001344333
1956,11.13740316,,0.019197556,0.009971813,0.202339285,0,0.001083893,0.004308217,0,0.029498904,0,0.029801203,,0,0,0.000173423,,0.006858819,0.000263736,,0.003502649,0.003748761,0,,0.00621028,0.028076564,,,,,,0.010523239,0,,0,0,,0.029816968,,,0.028443352,,0,0.018604725,0,0.088662427,0.015608056,0,0,0.171337309,0.007193257,,,0,,0,0,0.074699208,,0.00030349,,0.00030349,0.005310046,0,0,0,0,0.007829173,,0.016689865,,0.013665482,0,0.272230938,0,,,,,,0,0.014463405,0,0,0.001170604,,,0,0.023663917,0.000260134,0,,0.449141616,0,0,0.00062054,,0.134340588,,12.85829928,,0.00150249
1957,11.79802692,,0.031660661,0.014307384,0.263167794,0,0.001300671,0.004440101,0,0.032896688,0,0.03036123,,0,0,0.000130067,,0.007495204,0.000301412,,0.006588316,0.003474462,0,,0.010350468,0.028619107,,,,,,0.029649418,0,,0,0,,0.042991906,,,0.027668327,,0,0.016917127,0,0.093995179,0.011662686,0,0,0.191368242,0.009916128,,,0,,0,0,0.098768959,,0.000130067,,0.000260134,0.005063885,0,0,0,0,0.011703404,,0.020108269,,0.013132654,0,0.29403036,0,,,,,,0,0.015199566,0,0,0.001257316,,,0,0.025956763,0.000260134,0,,0.691671384,0,0,0.001124728,,0.162608641,,13.97057688,,0.001660647
1958,12.1846716,,0.032535266,0.017125506,0.404087184,0,0.00151745,0.004835754,0,0.033437243,0,0.032801328,,0,0,0.000130067,,0.006929528,0.000226059,,0.012509461,0.003428745,0,,0.018630842,0.035898214,,,,,,0.047930666,0,,0,0,,0.064410808,,,0.028049666,,0,0.015435336,0,0.090483365,0.009321478,0,0,0.198582444,0.014955473,,,0,,0,0,0.158113332,,4.34E-05,,0.000390201,0.008369476,0,0,0,0,0.01444765,,0.01709203,,0.012035655,0,0.334969794,0,,,,,,0,0.015719209,0,0,0.001127248,,,0,0.028682225,0.000260134,0,,1.045341972,0,0,0.001861619,,0.17629398,,15.0265692,,0.001818804
1959,13.30703712,,0.039707017,0.019943626,0.499216212,0,0.001734228,0.005275368,0,0.033244186,0,0.045121824,,0,0,0.000130067,,0.006010305,0.000263736,,0.017805132,0.009509052,0,,0.024841121,0.017542201,,,,,,0.057224912,0,,0,0,,0.150240528,,,0.0314019,,0,0.013747739,0,0.096683231,0.014480806,0,0,0.234730206,0.020604416,,,0,,0,0,0.19629293,,0.000390201,,0.000216779,0.007947485,0,0,0,0,0.017555105,,0.016890948,,0.013289368,0,0.374942124,0,,,,,,0,0.016195549,0,0,0.001127248,,,0,0.030888549,0.000260134,0,,1.317090024,0,0,0.002404591,,0.188094769,,16.7748336,,0.00197696
1960,14.10790788,,0.041543687,0.022761748,0.625562064,0,0.001864296,0.005714982,0,0.0533992,0,0.058762375,,0,0,8.67E-05,,0.005091081,0.000226059,,0.022308538,0.009829069,0,,0.034073741,0.018265591,,,,,,0.055381424,0,,0,0,,0.10963706,,,0.036225644,,0,0.014077027,0.005816419,0.105397729,0.026143492,0,0,0.24739344,0.029707745,,,0.040797724,,0,0,0.203347858,,0.000346846,,0.00091047,0.011604735,0.004258043,0,0,0,0.025545705,,0.016689865,,0.017207225,0,0.408668774,0,,,,,,0,0.016628585,0,0,0.001083893,,,0,0.033138137,0.00030349,0,,1.68620724,0,0,0.003063914,,0.206670924,,18.26036532,,0.002095578
1961,14.56196472,,0.042986783,0.025579869,0.78434982,0,0.001864296,0.009583585,0,0.091006445,0,0.06224252,,0,0,0.000130067,,0.005161791,0.001883827,,0.021974953,0.009600486,0,,0.049723643,0.018853344,,,,,,0.054152435,0,,0,0,,0.154478088,,,0.039477658,,0,0.01333613,0.004477387,0.111337463,0.027617587,0,0.00012909,0.263356758,0.045516658,,,0.042531952,,0,0,0.218287692,,0.000346846,,0.000390201,0.015789474,0.004301053,0,0,0,0.031074556,,0.016890948,,0.023005652,0,0.439776288,4.34E-05,,,,,,0,0.016671888,0,0,0.001604161,,,0,0.03599338,0.00030349,0,,2.19531132,0,0.00364188,0.003180265,,0.219458855,,19.61796456,,0.002728205
1962,15.24576096,,0.046004164,0.02839799,1.132424136,0,0.001864296,0.015562336,0,0.114983964,8.28E-05,0.065402647,,0,0,0.000130067,,0.005232501,0.002147563,,0.021307781,0.009554769,0,,0.065000934,0.02676542,,,,,,0.045895147,0,,0,0,,0.182600028,,,0.050808514,,0,0.013994705,0.008954774,0.1172772,0.027964433,0,0.000473331,0.274408308,0.058074376,,,0.057446316,,0,0,0.224512632,,0.000390201,,0.000780403,0.017547767,0.004086,8.67E-05,0,0,0.03829838,,0.017293112,,0.02573248,0,0.520043328,0.000520269,,,,,,0,0.01740805,0,0,0.001647517,,,0,0.036772081,0.00030349,0,,2.73664836,0,0.00728376,0.004615263,,0.232830094,,21.46318056,,0.003756225
1963,16.2024066,,0.049808693,0.031216111,1.33662204,0,0.001864296,0.017540598,0,0.131509519,0.000124196,0.067962751,,0.002167786,0,0.000173423,,0.005091081,0.002034534,,0.020974197,0.009051886,0,,0.063427662,0.031738723,,,,,,0.042745856,0,,0,0.002254497,,0.18726133,,,0.076759441,,0,0.025190467,0.011214391,0.121309272,0.031432892,0,0.000430301,0.27889799,0.078597511,,,0.065857324,,0,0,0.25314732,,0.000476913,,0.000693691,0.020079709,0.004387074,0.001344027,0,0,0.047983955,,0.017695277,,0.03081002,0.003815302,0.574682904,0.000650336,,,,,,0,0.017451353,0,0,0.002211141,,,0,0.03599338,0.00030349,0,,3.343605696,0,0.010925639,0.006166612,,0.251720352,,23.4846144,,0.007551989
1964,17.1196488,,0.052126391,0.034034234,1.57528944,0,0.001864296,0.035344966,0,0.144830362,0.000124196,0.070562851,,0.002167786,0,0.000130067,,0.004949663,0.003202507,,0.022183443,0.007908972,0,,0.05382243,0.037706688,,,,,,0.03921251,0,,0,0.002254497,,0.196083144,,,0.119170789,,0,0.032270141,0.013474006,0.118404432,0.032950339,0,0.001247872,0.30176856,0.085465656,,,0.072664171,,0,0,0.290496924,,0.000476913,,0.000433557,0.029363497,0.004301053,0.002341208,0,0,0.060333062,,0.01801701,,0.038583047,0.003425101,0.622673892,0.028007788,,,,,,0,0.017451353,0,0,0.007327115,,,0,0.047111526,0.000346846,0,,4.04089704,0,0.014567519,0.006903503,,0.2738412,,25.65938304,,0.010833744
1965,17.71914024,,0.053744411,0.036852354,1.72541754,0,0.001864296,0.105287551,0,0.163016208,0.000165594,0.068962788,,0.002167786,0,0.000130067,,0.005798177,0.003014124,,0.02852157,0.009646202,0.002852606,,0.053159998,0.040961945,,,,,,0.037061773,0,,0,0.00212443,,0.194465178,,,0.179829299,,0,0.045606272,0.016737896,0.136830625,0.015824834,0,0.003098165,0.299389428,0.082905336,,,0.077780142,,0,0,0.308756736,,0.000563624,,0.000433557,0.061294097,0.004473095,0.004248859,0,0,0.071390768,,0.017574628,,0.043190449,0.003511812,0.696332592,0.044613025,,,,,,0,0.018577247,0,0,0.01344027,,,0,0.050788735,0.00030349,0,,4.75181208,0,0.018209398,0.007330123,,0.293359626,,27.49854744,,0.013047939
1966,19.0083204,,0.060610046,0.039670474,1.605027816,0,0.002341208,0.126828648,0,0.176723161,0.000165594,0.074963034,,0.002601343,0,0.000130067,,0.004454697,0.003503919,,0.032899882,0.009189037,0.004259371,,0.04694972,0.049687832,,,,,,0.041094403,0,,0,0.00242792,,0.198818302,,,0.224881898,,0,0.063922871,0.015608088,0.137090754,0.026316917,0,0.004087857,0.337494204,0.086684846,,,0.074398399,,0,0,0.314566668,,0.000433557,,0.000476913,0.122834358,0.004473095,0.007630605,0,0,0.080672771,,0.018378958,,0.043127762,0.003555168,0.750125988,0.049122018,,,,,,0,0.020396,0,0,0.019033157,,,0,0.059657299,0.000346846,0,,5.32113876,0,0.021851278,0.007136205,,0.30762828,,29.5885368,,0.015894762
1967,20.073222,,0.064108465,0.042488593,1.75283262,0.014827653,0.002861477,0.104496246,0,0.18541067,0.000165594,0.071882906,,0.002601343,0,0.000130067,,0.00530321,0.003428566,,0.036485924,0.009920502,0.012856267,,0.05179374,0.052038848,,,,,,0.039058882,0,,0.000693691,0.00242792,,0.21430463,,,0.294035652,,0,0.084174034,0.019499648,0.120355445,0.02263168,0,0.004690278,0.356872788,0.09156163,,,0.117407268,,0,0,0.341541396,,4.34E-05,,0.00030349,0.24584454,0.004344064,0.007847383,0,0,0.09411151,,0.017212679,,0.049145587,0.004855839,0.833858388,0.049252086,,,,,,0,0.023340645,0,0,0.022848458,,,0,0.065843662,0.000390201,0,,5.86020528,0,0.025493156,0.025209421,,0.337018086,,31.842486,,0.018267114
1968,21.34472868,,0.068568948,0.045306716,2.02428,0.072880945,0.003295034,0.150260065,0,0.20641513,0.000248392,0.065202635,,0.011706042,0,0.000130067,,0.004596115,0.002863418,,0.040238766,0.009737636,0.01977286,,0.062061404,0.054841982,,,,,,0.042553829,0,,0.00060698,0.00242792,,0.218888892,,,0.456781248,,0,0.110475846,0.025274223,0.18586593,0.03125947,0,0.00611027,0.399160296,0.098145288,,,0.144764712,,0,0,0.36644112,,0.00182094,,0.000520269,0.496330992,0.004430085,0.006373289,0,0,0.105613128,,0.019143072,,0.08017501,0.02224148,0.88386408,0.071060011,,,,,,0,0.027324576,0,0,0.03052242,,,0,0.069434341,0.000390201,0,,6.2940492,0,0.029135038,0.085285411,,0.347921496,,34.8320628,,0.023090898
1969,22.86477936,,0.203738983,0.055278529,2.37471966,0.087968736,0.003815302,0.127136376,0,0.207187344,0.010970632,0.059322402,,0.01344027,0,0.000130067,,0.003889021,0.004182097,,0.050913504,0.008731871,0.02051532,,0.07584822,0.060493464,,,,,,0.045319057,0,,0.00060698,0.003078255,,0.250632,,,0.654205752,,0,0.133155504,0.030504812,0.112898268,0.03880336,0,0.00611027,0.458946072,0.106395185,,,0.161586734,,0,0,0.41873058,,0.001907651,,0.000737047,0.769921452,0.004731159,0.002774765,0,0,0.130109558,,0.019505022,,0.122863968,0.036852354,0.970578252,0.075612359,,,,,,0,0.030745562,0,0.004335571,0.038716646,,,0,0.069434341,0.000390201,0,,6.74144172,0,0.032776916,0.203653332,,0.358062084,,38.2527288,,0.028863623
1970,20.5726428,,0.125836344,0.104132736,1.94458572,0.111987796,0.004248859,0.08776845,0.001864296,0.2107602,0.062294306,0.075883068,,0.023404212,0,0.000130067,,0.003606183,0.001507248,,0.002919645,0.0076869,0.018522403,,0.093526823,0.0449757,,,,,,0.046240801,0,,0.00060698,0.00294525,,0.265039704,,,0.432467082,,0,0.142787149,0.022782478,0.0460404,0.026675998,0,0.005766029,0.4529358,0.095869458,,,0.0696654,,0.010054799,0,0.397091052,,0.002081074,,0.000265275,1.004999976,0.004602127,0.0037962,0,0,0.104774134,,0.01431045,,0.1842957,0.037446304,0.782742744,0.0553014,,,,,,0,0.032477704,0,0.007370471,0.039800542,,,0,0.063963266,0.000216779,0,,6.75005004,0,0.0292383,0.394187202,,0.3080916,,35.139222,,0.038629807
1971,21.1557798,,0.3043584,0.135699102,2.12598,0.114242292,0.00546282,0.0925155,0.001864296,0.227757553,0.092976048,0.07564306,,0.03412242,0.016042949,0.000173423,,0.003747602,0.001507248,,0.004634936,0.0076167,0.012778114,,0.134349059,0.046816196,,,,,,0.046970514,0,,0.00060698,0.00294525,,0.275402448,,,0.5327901,,0,0.152501123,0.024142387,0.054809996,0.031635,0,0.005335729,0.4615272,0.098876808,,,0.071956796,,0.024213601,0.002983497,0.39305421,,0.002254497,,0.000512865,1.389000024,0.005849432,0.0070281,0,0,0.09489942,,0.017082451,,0.1900449,0.037446304,0.83650122,0.0461358,,,,,,0,0.001125894,0,0.00858443,0.04730108,,,0,0.067086,4.34E-05,0.000534082,,7.24297464,0,0.051632096,0.655066728,,0.29858112,,37.5883056,,0.045509627
1972,21.08718108,,0.410415624,0.175610617,2.4003,0.125471419,0.006286578,0.11722095,0.002471275,0.21650184,0.133467336,0.078523175,,0.042579752,0.016042949,0.000173423,,0.003889021,0.04019328,,0.006313731,0.015637049,0.008596896,,0.150868418,0.057187796,,,,,,0.044627753,0,,0.000737047,0.00246015,,0.289578996,,,0.6378687,,0,0.168183421,0.026481263,0.04059594,0.031977004,0,0.005335729,0.4891437,0.100583687,,,0.085055404,,0.096854404,0.004177833,0.408528792,,0.002818121,,0.000548235,1.852000056,0.009548338,0.0094221,0,0,0.10076112,,0.0164241,,0.201026693,0.041097776,0.855673128,0.052291796,,,,,,0,8.66E-05,0,0.009841746,0.054801617,,,0,0.0693387,0.000867114,0.000534082,,7.5498804,0,0.052404296,0.945211932,,0.29678292,,39.4397424,,0.049107697
1973,21.06800172,,0.453532572,0.21697344,2.571749784,0.135053035,0.008237585,0.155578493,0.002818121,0.235757318,0.169447673,0.090803671,,0.060373656,0.02214135,0.000130067,,0.004454697,0.061964636,,0.00722612,0.068287054,0.00867505,,0.150454404,0.059256,,,,,,0.040019033,0,,0.00121396,0.00197505,,0.290696148,,,0.7141482,,0,0.19843668,0.026411962,0.06292188,0.031122,0,0.002323624,0.528308964,0.10546047,,,0.0952812,,0.1549602,0.004177833,0.443901384,,0.002557987,,0.000663187,2.251999944,0.011440802,0.0144324,0,0,0.115039613,,0.0160776,,0.203931889,0.058870796,0.905892336,0.06156,,,,,,0,0.000129911,0,0.00858443,0.063039204,,,0,0.0665928,0.004942551,0.000534082,,8.05797936,0,0.06091605,1.026268272,,0.365594018,,41.3377236,,0.052547609
1974,20.14009812,,0.47059236,0.273212402,2.51839476,0.138738276,0.008801209,0.179868132,0.002948188,0.253752444,0.193327164,0.088243567,,0.074441304,0.0245322,8.67E-05,,0.002156639,0.064853532,,0.013904807,0.1482273,0.007033824,,0.140766354,0.0616518,,,,,,0.03410451,0,,0.00121396,0.002079,,0.29385504,,,0.741733164,,0,0.209673612,0.029894285,0.06496812,0.0285912,0,0.002839985,0.5273442,0.104525752,,,0.1002402,,0.139365,0.008709345,0.465343272,,0.003078255,,0.005933317,2.67000012,0.013032191,0.013474799,0,0,0.13193334,,0.0165627,,0.1974069,0.048363476,0.93497724,0.077907596,,,,,,0,0.000129911,0,0.007804027,0.068805511,,,0,0.0608391,0.008714498,0.000534082,,8.8866252,0,0.0610038,1.237701708,,0.38637324,,42.2103762,,0.057213238
1975,18.64949256,,0.490242708,0.321106212,2.5724358,0.12828955,0.013006713,0.2214828,0.002818121,0.269296902,0.207611885,0.094363819,,0.078335028,0.01625085,8.67E-05,,0.001803091,0.063932429,,0.015145656,0.1943838,0.000429845,,0.141014772,0.0536967,,,,,,0.03114725,0,,0.001344027,0.0017325,,0.28276038,,,0.6885072,,0,0.213295752,0.038270923,0.0851382,0.044289,0,0.002581804,0.502625664,0.098998729,,,0.1098504,,0.158517,0.010498546,0.473005224,,0.001994363,,0.0063666,2.89199988,0.022580528,0.0120726,0,0,0.1370736,,0.020443499,,0.203175893,0.07463178,1.0156401,0.092681996,,,,,,0,0.000129911,0,0,0.068285239,,,0,0.055295096,0.009148055,0.000534082,,9.86422248,0,0.058266,1.28882268,,0.375783804,,42.3003708,,0.058676184
1976,18.4975416,,0.499455468,0.366460164,2.5950672,0.110383632,0.015174498,0.278967132,0.002471275,0.25676334,0.245077992,0.085763466,,0.082103144,0.024740099,0.000173423,,0.001202061,0.065900225,,0.017444876,0.2563704,0.001445842,,0.16631131,0.0545328,,,,,,0.030763192,0,,0.001344027,0.013167,,0.267274044,,,0.7099551,,0,0.25034058,0.046491638,0.085868996,0.061731,0,0.002495744,0.5401035,0.101315203,,,0.1321488,,0.1634418,0.012498364,0.463877712,,0.003728591,,0.0088425,3.08999988,0.061117967,0.0224181,0,0,0.139779,,0.022176,,0.221157,0.04076244,1.107842868,0.1000521,,,,,,0,0.000129911,0,0.0011304,0.079601083,,,0,0.0622377,0.009278122,0.000801123,,10.94469948,0,0.068093996,1.364854932,,0.46585368,,44.124408,,0.06840283
1977,18.5782572,,0.5071824,0.439752204,2.72605464,0.111944441,0.015174498,0.26699557,0.003078255,0.2650257,0.279966384,0.09572387,,0.089053236,0.0292446,0.000173423,,0.00134348,0.069542748,,0.021714857,0.294208182,0.000390768,,0.156954492,0.0618291,,,,,,0.036101624,0,,0.001734228,0.015939,,0.292699368,,,0.7058376,,0,0.272114676,0.049653446,0.2068164,0.040287596,0,0.002452714,0.4738032,0.113954198,,,0.1440846,,0.172744189,0.011436326,0.491949936,,0.003728591,,0.0081351,3.09999996,0.09707477,0.0295146,0.094859575,0,0.1527048,,0.022020074,,0.2327796,0.05779026,1.17322524,0.1408014,,,,,,0,0.000173214,0,0.0012582,0.08176887,,,0,0.073157396,0.009971813,0.000839272,,11.7989208,0,0.136889993,1.426065948,,0.50851098,,45.9869796,,0.075005881
1978,18.5021946,,0.317714976,0.498168144,2.630728548,0.111207398,0.015347921,0.414067482,0.003078255,0.273428118,0.301411332,0.096563905,,0.097845516,0.03101175,0.000433557,,0.00134348,0.068537916,,0.028576021,0.288364068,0.001250458,,0.144906538,0.082109696,,,,,,0.028420426,0,,0.001734228,0.025641,,0.293161644,,,0.729765,,0,0.30236796,0.055457323,0.3975552,0.0417582,0,0.002194534,0.473238,0.107329903,,,0.1614582,,0.1751382,0.085160146,0.615811104,,0.003511812,,0.0095499,2.83799988,0.091397376,0.0357561,0.50739264,0.01089153,0.1569132,,0.0230076,,0.2496069,0.05510754,1.1812428,0.1941534,,,,,,0,0.000649554,0,0.0012132,0.079817864,,,0,0.087336893,0.012399733,0.000839272,,12.69205056,0,0.200421,1.36560852,,0.51312636,,47.5437816,,0.07650837
1979,19.0635012,,0.30602034,0.52646904,2.77406082,0.104053705,0.015781478,0.6787242,0.003078255,0.253122282,0.34695063,0.092483741,,0.108479988,0.03551625,0.000520269,,0.00134348,0.07494372,,0.031313189,0.302105664,0.005353521,,0.161881308,0.0938016,,,,,,0.032683493,0,,0.00151745,0.038808,,0.299286828,,,0.7308171,,0,0.268410204,0.068970823,0.576601164,0.0598842,0,0.002926045,0.4617306,0.098104648,,,0.2137842,,0.232047,0.105674814,0.74755674,,0.002904833,,0.0095499,2.97600012,0.056214763,0.0471276,0.738529272,0.0183222,0.1767528,,0.021275098,,0.2239488,0.16252812,1.12869216,0.238374,,,,,,0,0.000433036,0,0.001251,0.07461518,,,0,0.0902754,0.014307384,0.001297057,,13.8652146,0,0.214461,1.37896434,,0.57470472,,50.7492756,,0.073424308
1980,18.9032652,,0.163274544,0.517761036,2.5642062,0.066337387,0.011056231,0.554750964,0.010171733,0.293926428,0.398397168,0.078882563,,0.088048404,0.044248046,0.000442249,,0.001558221,0.09190026,,0.036605045,0.303228918,0.004485852,0,0.089759275,0.1002411,0.000552812,0,,0.000663374,,0.019597091,0,,0.004118367,0.075537,0,0.294494926,0.002764058,,0.665335764,0,0,0.237170448,0.040791712,0.6763554,0.043810196,0.034129645,0.005485876,0.4296825,0.090686448,0,,0.1392282,,0.176814,0.093993653,0.90414864,,0.002764058,0,0.0123795,2.878000056,0.03852257,0.056960096,0.896405544,0.023259015,0.2158308,0,0.022869,0,0.190206889,0.176649649,1.1654424,0.3325608,0,,,,0,0,0,0,0.0016839,0.047541798,,0,0,0.101997,0.016967671,0,,14.84059572,,0.263951964,1.31092884,,0.59162778,0,51.4200168,0,0.075828636
1981,18.7053372,,0.177409451,0.462247776,2.4777954,0.087344219,0.012161855,0.643134312,0.009729483,0.30582985,0.431799804,0.058433292,,0.0816426,0.049009878,0.000442249,,0.001244064,0.098012988,,0.032846,0.293576386,0.004186795,0,0.089759275,0.1098684,0.000663374,0,,0.000331687,,0.025162168,0,,0.002608299,0.084545996,0,0.27762228,0.002321808,,0.681572664,0,0,0.22951975,0.071214415,0.6858558,0.021204,0.05226102,0.005485876,0.481531464,0.086035846,0,,0.1601928,,0.10773,0.079172384,0.974084652,,0.003537994,0,0.014855399,2.671999812,0.04655444,0.0838926,0.891503568,0.02741544,0.2353698,0,0.026264699,0,0.1690524,0.16107498,1.226698452,0.3877596,0,,,,0,0,0,0,0.0016992,0.058598028,,0,0.00981202,0.112354189,0.018272876,0,,15.8670252,,0.310986,1.307998152,,0.594824508,0.0003474,52.311528,0,0.074289002
1982,17.39483424,,0.242967708,0.432858384,2.6008965,0.089555465,0.011056231,0.839160288,0.011056231,0.3427479,0.421131006,0.05385029,,0.128911572,0.063629449,0.000442249,,0.001224317,0.101655504,,0.046933286,0.2932254,0.002990568,0,0.051743588,0.1171296,0.000663374,0,,0.000331687,,0.025162168,0,,0.002745578,0.0925155,0,0.257133938,0.002211246,,0.598329,0,0.003340735,0.250624814,0.093364427,0.697183164,0.023256,0.076791701,0.003291526,0.494426664,0.083710562,0,,0.125685007,,0.114569996,0.099603972,1.03868316,,0.003316869,0,0.0159165,2.28499992,0.081771754,0.087398093,0.856092096,0.02999412,0.2567124,0,0.027564074,0,0.1558008,0.188349307,1.24028496,0.410981364,0,,,,0,0,0,0,0.001773,0.051964286,,0,0.050009648,0.136552493,0.0234937,0.001085559,,17.07418656,,0.333449964,1.329434568,,0.63468468,0.00066006,52.5509568,0,0.068745046
1983,15.7562568,,0.277679196,0.443017692,2.4462486,0.093977964,0.012161855,1.201653468,0.013267477,0.460031364,0.45746933,0.048994837,,0.135108036,0.070801866,0.000442249,,0.000680481,0.097594308,,0.063465772,0.3058263,0.003488996,0,0.04857561,0.128683807,0.000773936,0,,0.000331687,,0.022974151,0.001745554,,0.004118367,0.1084545,0,0.26004744,0.005859803,,0.6613668,0,0.003188883,0.241388028,0.1110879,0.795475728,0.016073999,0.082861546,0.00219435,0.443338164,0.086035846,0,,0.137997,,0.126882,0.240196702,1.047462012,,0.003537994,0,0.021221998,2.43299988,0.087545923,0.0990774,0.843677208,0.037255136,0.2531052,0,0.018156598,0,0.1523205,0.195056089,1.230791184,0.4013028,0,,,,0,0,0.002929743,0,0.002691,0.051964286,,0,0.058872114,0.1414701,0.020883288,0.002713898,,18.2677104,,0.293435982,1.37080008,,0.6249744,0.00227547,53.021016,0,0.062742791
1984,17.09943768,,0.323239392,0.451000008,2.681135172,0.093977964,0.012161855,1.223131752,0.013267477,0.4719348,0.451142136,0.051273666,,0.1392111,0.081722387,0.000442249,,0.00147163,0.093868056,,0.073867003,0.3094767,0.002990568,0,0.050687593,0.130826693,0.000773936,0,,0.000110562,,0.028444187,0.008706959,,0.005491156,0.139292989,0,0.24726672,0.005859803,,0.6498918,0,0.003495015,0.251972258,0.127226142,1.072449,0.020177998,0.087110849,0.00219435,0.4692213,0.087198505,0,,0.1496592,,0.157319989,0.364879606,1.03029696,,0.002211246,0,0.022636799,2.46300012,0.110815747,0.095315393,0.927643464,0.0468234,0.2597184,0,0.0245322,0,0.1673082,0.220951786,1.222002,0.62244,0,,,,0,0,0.009342674,0,0.004545,0.0574924,,0,0.087886152,0.148233611,0.026104111,0.001519783,,20.03071104,,0.386099964,1.34006904,,0.691308,0.00198018,57.5590284,0,0.079072639
1985,16.1237232,15.2957232,0.348711732,0.469141596,2.89849248,0.116090424,0.011056231,1.344172068,0.0143731,0.4862889,0.482229432,0.046759306,0.494616744,0.169942212,0.092809706,0.000442249,,0.00157744,0.093030696,,0.092662222,0.301702032,0.003987424,0,0.04646363,0.133442989,0.002211246,0,,0.000221125,,0.025898193,0.04210866,,0.005491156,0.1708245,0,0.209257387,0.002211246,,0.6158772,0,0.003343058,0.271533456,0.155621808,1.180241892,0.02907,0.092422494,0.00219435,0.4830921,0.09184909,0,0.139243579,0.143639993,,0.177839993,0.403146972,0.999495576,,0.003316869,0,0.0325404,2.57899986,0.141570443,0.090287993,0.93561336,0.05961501,0.2651292,0,0.0191268,0,0.173023186,0.203439593,1.1680254,0.64296,0,,,,0,0,0.010677342,0.001101399,0.0054,0.055281154,,0,0.115528608,0.151747189,0.018272876,0.002171119,2.834349624,24.74570736,1.4609556,0.464373,1.495148184,1.178508816,0.692326908,0.00123327,59.0772384,0,0.091873375
1986,15.7063212,16.6524156,0.334997064,0.49925664,2.7185454,0.116090424,0.015478723,1.37481948,0.015478723,0.5430051,0.526785408,0.04443718,0.4780944,0.194560596,0.104652533,0.000442249,,0.001023573,0.094747284,,0.107917355,0.302491818,0.004979,0,0.027455778,0.1300554,0.000442249,0,,0.000221125,,0.025898193,0.071419586,,0.004118367,0.196812,0,0.164712492,0.001105623,,0.504545364,0,0.004555548,0.259191018,0.217440864,1.228109328,0.05301,0.062801924,0.001536045,0.541354464,0.086035846,0,0.148635378,0.195966,,0.19152,0.5421906,0.887817924,,0.003316869,0,0.0378459,2.358,0.170253299,0.105301793,0.93218508,0.069692213,0.2843676,0,0.020287575,0,0.1570833,0.216108,1.1820312,0.86184,0,,,,0,0,0.015773346,0.001062327,0.0136539,0.044224924,,0,0.134783377,0.1552842,0.019578083,0.017385844,2.88579636,26.2140066,1.352610576,0.534222,1.57193406,1.315132704,0.762197004,0.00128538,60.605226,0,0.096355001
1987,16.2713214,18.0196992,0.410103612,0.503973396,2.94683436,0.10945669,0.017689969,1.55162808,0.017689969,0.530401536,0.537820524,0.046716012,0.439424964,0.18903402,0.122961334,0.000331687,,0.001118295,0.099101556,,0.120544823,0.3017898,0.00438152,0,0.027455778,0.1370493,0.002211246,0,,0.000884499,,0.024433531,0.091029013,,0.002608299,0.217602,0,0.152823096,0.004533055,,0.5662998,0,0.005166544,0.255076848,0.2504772,1.3121514,0.12825,0.062801924,0.002304068,0.554825736,0.089523799,0,0.161064198,0.163476,,0.171,0.586235736,0.9024156,,0.002321808,0,0.0420903,2.36199996,0.163239394,0.1042758,1.005831072,0.078072926,0.304507782,0,0.0201663,0,0.1578132,0.2090286,1.123408512,0.916559964,0,,,,0,0,0.030174955,0.000320916,0.013443299,0.047541798,,0,0.188311644,0.1644966,0.016967671,0.010866152,3.00163716,27.4740552,1.21292028,0.592838964,1.645705368,1.356017652,0.742736484,0.00128538,63.6428808,0,0.086271336
1988,16.7107518,19.5260328,0.44522883,0.517398228,3.40296678,0.117196056,0.027640577,1.62209178,0.019901217,0.6287796,0.550776168,0.049901938,0.4183326,0.200798917,0.144723877,0.000995061,,0.000664007,0.104753732,,0.121311227,0.3135483,0.00039832,0,0.036959702,0.132158689,0,0,,0.000773936,,0.03293215,0.089903113,,0.003843809,0.239777986,0,0.126009353,0.003869681,,0.5269833,0,0.006247562,0.227539778,0.293417568,1.433098728,0.19152,0.075575207,0.001536045,0.5639067,0.086035846,0,0.182068135,0.233927986,,0.188099986,0.60520194,0.914156208,,0.002321808,0,0.0367848,2.08500012,0.179326368,0.1253601,1.012215456,0.07856491,0.322844364,0,0.01902285,0,0.156617989,0.218343589,1.100127168,0.995219928,0,,,,0,0,0.037416949,0.000226827,0.0318006,0.026534954,,0,0.223194946,0.189339286,0.015662466,0.003256678,3.00845106,29.46109932,1.10389374,0.609336,1.584829368,1.3594248,0.760358808,0.00097272,66.4479648,0,0.119883553
1989,16.9468848,20.3867946,0.56220606,0.54602568,3.61536948,0.114984799,0.027640577,1.748993868,0.016584348,0.6648399,0.637472304,0.053304336,0.3902094,0.208879445,0.152995212,0.001105623,,0.00052958,0.110489645,,0.124376868,0.3072654,0.00039832,0,0.060191518,0.133569,0,0,,0.001216185,,0.031869824,0.11529216,,0.003843809,0.268191,0,0.121232045,0.003537994,,0.551529,0,0.006247562,0.219428694,0.348856538,1.507640292,0.220589993,0.085324108,0.001536045,0.5764059,0.082547917,0.003095745,0.171247151,0.279072,,0.23256,0.65502486,0.877553244,,0.002321808,0,0.0385533,2.278999944,0.184006523,0.1451448,1.02679902,0.081533783,0.344187,0,0.016129576,0,0.1450215,0.231012,0.9862029,1.01916,0,,,,0,0,0.066210664,0.000120489,0.052053298,0.055281154,,0,0.222970219,0.189701093,0.016967671,0.006513355,3.0629646,30.4567884,1.04938056,0.715337964,1.552004856,1.40030964,0.78073848,0.00114642,68.7491784,0,0.113161108
1990,17.40160548,21.58524,0.889849332,0.555060096,3.72412044,0.114987546,0.009952881,1.85965092,0.021005861,0.6245784,0.742001292,0.047852258,0.3480246,0.218760289,0.164671243,0.001327532,,0.000446178,0.112917996,,0.113238486,0.313285032,0.000351517,0,0.069695438,0.1412856,0,0,,0.00126041,,0.026558188,0.117731606,,0.005491156,0.2796255,0,0.117213998,0.003316869,,0.5408865,0,0.005922,0.177089778,0.417338442,1.6034337,0.136115993,0.087370621,0.001161908,0.587397564,0.09460507,0.00507481,0.181544951,0.143298,,0.21204,0.648409752,0.94990104,,0.002211246,0,0.0300645,2.28299976,0.182567196,0.1382022,0.910380744,0.08811621,0.367633764,0,0.015436573,0,0.099558896,0.234738,0.959229828,1.146384,0,,,,0,0,0.058987692,0.000139812,0.0573183,0.088451532,,0,0.242995194,0.196681489,0.015662466,0.008127343,2.85273468,31.1837796,0.957389292,0.705861,1.71374094,1.325016,0.87774138,0.0013896,70.9097976,0,0.105318259
1991,17.3091006,21.2872824,1.05118884,0.562026528,3.9196278,0.012161855,0.005512276,2.0053098,0.022112463,0.697749264,0.776754,0.04997902,0.302324414,0.208544501,0.169586953,0.001288488,,0.00038349,0.112248104,,0.117722185,0.318006,0.000339294,0,0.054911556,0.1399014,0,0,,0.001304635,,0.020570715,0.147917642,,0.004428844,0.314622014,0,0.132541711,0.003923406,,0.554230152,0,0.006205006,0.179349595,0.464788872,1.76073156,0.059507996,0.08959032,0.001161908,0.590798628,0.099334973,0.00507481,0.201237109,0.0171,,0.223667989,0.76995252,0.963327384,,0.001519318,0,0.0304182,2.581199784,0.199164222,0.134816389,0.89421516,0.08933769,0.3970926,0,0.014483699,0,0.111293996,0.2842938,0.8397666,1.202814,0,,,,0,0,0.055376197,0.000119084,0.0669006,0.036272484,,0,0.301144594,0.199265954,0.0110624,0.007782314,2.74116168,30.588354,0.831327444,0.835731,1.908092268,1.361398428,0.87520392,0.00250128,71.854884,0,0.103077446
1992,17.4480822,21.320388,1.11255912,0.572911452,4.3187292,0.011713524,0.003971043,2.08804086,0.022255697,0.703350864,0.84000942,0.054232553,0.2777166,0.24367176,0.184932587,0.001874164,0.011213447,0.000221408,0.101920442,0.000850605,0.133358364,0.3422952,0.001476777,0,0.058548971,0.1433124,0,0,0.071061714,0.00134886,,0.010172218,0.154076386,,0.004848004,0.340263,0,0.129613212,0.003904509,0.000784992,0.562174848,0,0.006099407,0.178772868,0.51964884,1.86591888,0.077633996,0.088437373,0.000833853,0.6168627,0.098407699,0.005859803,0.207043164,0.089604,0.003850663,0.231534,0.806042736,0.93375108,0,0.000936813,0,0.030771898,2.592199944,0.21128747,0.145931382,0.92303658,0.09765054,0.389577586,0.002343921,0.01306305,0,0.1071738,0.296127828,0.737363664,1.30815,0,0.033031595,,0.000577237,0.049196801,0,0.050718326,0.000109105,0.069199193,0.032817262,0.00390285,0,0.321277176,0.192556836,0.018437333,0.007590632,1.810809,,0.71548668,0.778167,1.94037228,1.384614,0.86385528,0.0072954,72.0660312,0,
1993,17.6464764,20.4695604,0.59447394,0.608287608,4.75430508,0.011713524,0.0011675,2.11487796,0.021865246,0.7534152,0.877820472,0.056359325,0.2390472,0.261005112,0.207009108,0.001835119,0.011213447,0.000178158,0.101688617,0,0.156220657,0.362425032,0.002584307,0,0.065260271,0.1403055,0,0,0.080745228,0.001382029,0.008760226,,0.16903044,,0.004845945,0.391198482,0,0.134285958,0.003904509,0,0.55945278,0,0.004336934,0.180882684,0.52801506,1.93851234,0.087209993,0.100390979,0.001162403,0.656558964,0.101589113,0.007809016,0.170619336,0.185363993,0.001541061,0.217512,0.868467924,1.00001556,0,0.001170855,0,0.038907,2.6424,0.189408528,0.1662804,0.886241484,0.09371466,0.4484952,0.003123606,0.013756049,0,0.1369476,0.308585358,0.701712864,1.369367892,0.000670517,0.037561367,0.009161348,0.000715267,0.070087658,0,0.027743675,9.01E-05,0.06849,0.030951112,0,0,0.361604556,0.216119282,0.016203323,0.007667305,2.119887144,,0.65415924,0.806949,2.281303548,1.462923,0.93222684,0.008685,72.8866692,0,
1994,18.3719088,20.1053916,0.944332344,0.637096464,5.1460956,0.011708549,0.001168602,1.94439168,0.020299239,0.779672664,1.007683704,0.050882897,0.2249856,0.267201576,0.219548585,0.001796074,0.011213447,4.88E-05,0.109649534,0,0.17061012,0.3647241,0.002216315,0,0.072345982,0.1447362,0,0,0.070284456,0.00134886,0.010356235,,0.183145176,,0.004845945,0.419265,0,0.13860504,0.00390285,0,0.586515384,0,0.00221169,0.174754368,0.570849048,2.20871844,0.108414,0.102127738,0.001163006,0.692734464,0.100682604,0.010934613,0.114536527,0.204173986,0.00135526,0.218537993,0.919881792,1.052028252,0,0.001171961,0,0.0505791,2.50659972,0.192088217,0.1518822,0.95905062,0.09812556,0.457212578,0.001956953,0.0143451,0,0.1297629,0.32185201,0.6206346,1.462733892,0.001338564,0.030736325,0.010573573,0.000354444,0.076527911,0,0.008406439,4.00E-05,0.0742428,0.034309166,0.001293579,0,0.399729006,0.247525992,0.015323112,0.007628968,1.163893464,,0.620088516,0.906282,2.435545224,1.534301928,0.986032944,0.008685,73.953072,0,
1995,18.1195506,19.48299624,1.147247856,0.6512832,5.498685,0.007805699,0.001168602,2.213686656,0.021865246,0.875600064,1.065454776,0.05565749,0.2320164,0.271639584,0.242724024,0.001835119,0.011596719,0,0.109561212,0.033290935,0.188297809,0.4128111,0.001848545,0,0.070857036,0.1517364,0,0.001558929,0.076918201,0.00160139,0.009216493,,0.198306187,,0.005820625,0.433124964,0,0.130041554,0.00390285,0,0.605221884,0,0.001993765,0.176380567,0.650801844,2.218695336,0.108414,0.104742958,0.000778994,0.684403128,0.102277228,0.011321581,0.150978226,0.3173076,0.001359916,0.216828,1.018397232,1.050705072,0,0.000784992,0,0.058006796,2.54819988,0.181545242,0.165288593,0.99378,0.137450412,0.468936,0.00390285,0.01389465,0.000361096,0.1326888,0.335118636,0.604810764,1.468206,0.001680325,0.03537994,0.012301985,0.000354444,0.076531237,0,0.017663634,0,0.093619796,0.035428514,0.00152576,0,0.423219816,0.26572761,0.014442901,0.006977247,1.049895,,0.578453976,1.099332,2.665632132,1.560289428,1.09893996,0.00505467,75.1806072,0,
1996,18.3683556,19.8835812,1.349257752,0.729799956,5.54105088,0.008980368,0.001167996,2.349045936,0.021865246,1.012839264,1.066813344,0.056029655,0.206600058,0.279720108,0.260512776,0.001757028,0.011596719,7.94E-05,0.11063921,0,0.205767169,0.4092309,0.001475548,0,0.070874093,0.1636866,0,0.014056229,0.070284456,0.001678939,0.008475355,,0.240966792,,0.005817605,0.460845,0,0.112031856,0.003904509,0,0.655422264,0,0.002155422,0.167639666,0.710341956,2.337795936,0.110807996,0.100967447,0.000774935,0.6851115,0.099911095,0.010542172,0.166500216,0.3181284,0.00093978,0.219564,1.301257512,1.108980936,0,0.000784992,0,0.056591996,2.88389988,0.206926236,0.1859454,1.336228416,0.148613393,0.509517,0.005075861,0.014102549,0.000364347,0.1314729,0.34934076,0.576271764,1.518822,0.002011549,0.026199248,0.011241403,0.000388816,0.07187639,0,0.019828561,0,0.0997542,0.03393603,0.001094567,0,0.4892526,0.30003858,0.034587155,0.007897325,1.14345,,0.584791092,1.18638,3.170187612,1.592514,1.18805076,0.009970379,78.839874,0,
1997,18.4154364,18.8473572,1.41767766,0.823737132,5.7503124,0.008980368,0.000778664,2.694917268,0.022255697,0.9585738,1.066955256,0.053626234,0.196756938,0.300319164,0.256077864,0.001678939,0.007734432,0,0.09325602,0,0.223979868,0.409546764,0.001478269,0,0.083404318,0.204263993,0,0.023427049,0.062472128,0.029283811,0.007604058,,0.29498085,,0.004848004,0.47124,0,0.099041818,0.003904509,0.002342704,0.644280624,0,0.002100081,0.156413027,0.772294824,2.40008292,0.104309993,0.088713994,0.000774935,0.665491896,0.10454594,0.011323074,0.20708145,0.317034,0.000702811,0.224693989,1.487109492,1.119833028,0,0.001952254,0,0.0534087,2.554199784,0.22144752,0.179085492,1.534414968,0.16903926,0.508014,0.004294959,0.00835065,0.000364347,0.1341504,0.482801544,0.498562164,1.550627928,0.001341032,0.026863016,0.010346387,0.000513404,0.068328889,0,0.007580638,0,0.154720789,0.034681878,0.001561803,0,0.60228918,0.325596132,0.072676807,0.009708575,0.562369536,,0.593479188,1.274481072,3.234631212,1.6330545,1.2319668,0.018446941,78.7787028,0,
1998,18.62380908,19.4863068,1.600984188,0.844636284,5.9617476,0.008980368,0.001167996,2.8858356,0.022646146,1.035945828,1.08985356,0.05888371,0.183609338,0.315768438,0.276712042,0.001444668,0.008507874,0,0.097398007,0,0.2346237,0.3780621,0.001113177,0,0.077922346,0.2336238,0,0.031236062,0.061300778,0.015618031,0.00788196,,0.2839212,,0.004848004,0.4851,0.000780901,0.085536241,0.003904509,0.002342704,0.629530776,0,0.001875506,0.1380762,0.847543464,2.36003436,0.10089,0.065482967,0.000774935,0.65657394,0.10373252,0.010932621,0.202837284,0.3245922,0.000546631,0.217512,1.484136792,1.185628068,0,0.001952254,0.002342704,0.0622512,2.43640008,0.193893948,0.216636797,1.579071744,0.175519886,0.535067964,0.004294959,0.01417185,0.000364347,0.136012486,0.584257176,0.4668084,1.601243928,0.001341032,0.036780466,0.009308168,0.000353083,0.056615368,0,0.004761486,0,0.1950975,0.033190186,0.002342704,0,0.653891976,0.325596132,0.083184296,0.021660137,0.432431982,,0.57109464,1.301157,3.39830316,1.78101,1.292126544,0.031265996,80.8644024,0,
1999,18.36496944,19.598868,1.90728108,0.914263704,6.1394472,0.008980368,0.000778664,3.24384876,0.021865246,1.210295664,1.10565108,0.065213114,0.196756938,0.326737872,0.301692852,0.001835119,0.008121153,0,0.07842262,0,0.275490864,0.3941028,0.000743609,0,0.046988348,0.2049444,0,0.052320402,0.060519877,0.019522541,0.008156954,,0.291060072,,0.004848004,0.58212,0.000780901,0.077699934,0.003904509,0.002342704,0.672419484,0,0.000117098,0.122138485,0.868441284,2.559198132,0.108756,0.051348866,0.000387468,0.603652824,0.104096351,0.010932621,0.253831176,0.297129582,0.000390451,0.177839993,1.52018514,1.23246972,0,0.001561803,0.002342704,0.0608364,2.26559988,0.224034336,0.156157787,1.73186136,0.184986353,0.610217964,0.004294959,0.01424115,0.000364347,0.1298826,0.769134168,0.468601164,1.58004,0.001341032,0.026511611,0.007625537,0,0.054663109,0,0.006090062,0,0.193400986,0.033190186,0.002342704,0,0.716277384,0.410671224,0.083184296,0.028023999,0.741163464,,0.575643096,1.350999,3.7345212,1.806650892,1.0953036,0.045162,83.1699072,0,
2000,18.6696108,19.334016,2.02811796,0.986902632,6.34696776,0.008980368,0.001167996,3.30799068,0.022255697,1.309724028,1.122923808,0.067649234,0.185507651,0.330296652,0.326094804,0.001480285,0.007773105,6.41E-05,0.112406494,0,0.277549668,0.3965598,0.000732422,0,0.044638934,0.206489066,0,0.052710858,0.064814832,0.023427049,0.007881178,,0.305981514,,0.006787206,0.727649928,0.001171352,0.070035012,0.003123606,0.002342704,0.635956128,0,0.001969483,0.115300152,0.913056912,2.544639264,0.10773,0.045953636,0.000387468,0.574512732,0.112261583,0.011323074,0.29456298,0.32832,0.000507586,0.201095989,1.788559056,1.20163212,0,0.001952254,0.002342704,0.120258,2.20900014,0.225911783,0.403360668,1.779209136,0.37155987,0.64629,0.004294959,0.011971575,0.000364347,0.138724186,0.927774,0.459213264,1.703502,0.00167629,0.021201478,0.00618706,0,0.064424376,0,0.006530709,0,0.193400986,0.033190186,0.001561803,0,0.752221044,0.49790412,0.082308672,0.024497039,1.527718464,,0.568369008,1.347138072,4.0845258,1.833331428,1.11584304,0.055584,86.4258048,0,
2001,19.14821892,19.25125308,2.253788532,1.1004327,6.45909228,0.001952254,0.001167996,3.113011224,0.020693892,1.3002714,1.175087448,0.064913281,0.181851635,0.34394562,0.365155488,0.001258093,0.007734432,0,0.16369542,0,0.283456728,0.400034664,0.000732422,0,0.046988348,0.213803748,0,0.052710858,0.068719338,0.011713524,0.005674402,,0.314580564,,0.007756807,0.873179964,0.001171352,0.072011887,0.003123606,0.002342704,0.642001752,0,0.001867787,0.115310412,0.915398928,2.47055382,0.094392,0.031578593,0.000387468,0.526490064,0.11172983,0.011323074,0.296295876,0.3249,0.000624721,0.211356,1.764861768,1.193065344,0,0.001952254,0.002342704,0.24759,2.32729992,0.249283872,0.549408312,1.930723668,0.55528704,0.682362,0.004294959,0.0128205,0.007286923,0.146204089,1.006019928,0.451346364,1.836198,0.00167629,0.023505139,0.007016926,0,0.081994676,0,0.020782275,0,0.1981512,0.03169849,0.001952254,0,0.731681208,0.52973514,0.098507711,0.011960996,1.667704392,,0.581622516,1.381535928,3.98929212,1.852735464,1.182536172,0.06948,88.467048,0,
2002,18.40423536,19.7114274,2.68009704,1.18504512,6.50601252,0.001952254,0.001167996,3.201896988,0.02420795,1.264211064,1.18804176,0.07046015,0.168668892,0.35638038,0.384160968,0.001132307,0.007347709,0,0.209730445,0,0.342452718,0.402210864,0.000752654,0,0.077261339,0.215952527,0,0.050021705,0.058959194,0.013665778,0.005340562,,0.31525403,,0.004848004,0.945945,0.04958725,0.070232663,0.003514057,0.000500314,0.640324188,0,0.001974517,0.109691021,0.955958868,2.72124864,0.080711993,0.031219729,0.000372551,0.50509548,0.123675127,0.012103975,0.360080942,0.297881982,0.000390451,0.20178,1.82117412,1.21419828,0,0.001952254,0.002342704,0.297108,2.286700056,0.234667638,0.617054112,2.34366984,0.599187528,0.7397766,0.004294959,0.0153153,0.072768542,0.1494333,1.099169928,0.4437576,1.939139856,0.00167629,0.023427049,0.006759162,0.000239864,0.089803688,0,0.021728718,0,0.219187793,0.034681878,0.000780901,0,0.764799372,0.621447084,0.094129603,0.014491207,1.739083464,,0.636442488,1.522989,3.9055122,1.898473536,1.13548338,0.083375993,90.5304168,0,
2003,18.6428088,20.54239452,2.81115432,1.270455696,6.33769128,0.000780901,0.001167996,3.378873132,0.025379302,1.436810328,1.214828064,0.078368177,0.168141589,0.36278622,0.413223458,0.001132307,0.006187545,0,0.241033968,0,0.372027996,0.4336254,0.000752654,0,0.064547446,0.206999273,0,0.050021705,0.070370644,0.01444668,0.00610222,,0.298564128,0,0.007272007,1.042965,0.050758607,0.060641071,0.003514057,0.000769714,0.666563868,0,0.001442878,0.106421339,1.023368328,2.84964624,0.053351996,0.026076558,0.000745101,0.47959794,0.127550542,0.012103975,0.423572544,0.342,0.001054218,0.188099986,1.89800208,1.254254688,0,0.001952254,0.003123606,0.339551964,2.18580012,0.179381675,0.770179932,2.60685864,0.660077604,0.91981368,0.005466312,0.01812195,0.088088242,0.1511973,1.169964,0.436621482,2.054052,0.00167629,0.012884876,0.007750653,0.000199887,0.089022787,0,0.008659282,0,0.2324205,0.030952645,0.001561803,0,0.79984314,0.906674976,0.100258963,0.021468454,1.923075,,0.658690704,1.572128928,3.8810196,1.911294,1.00795104,0.08243802,93.7687428,0,
2004,18.11196216,20.9727738,3.2774445,1.504300788,6.36246684,0.000780901,0.001167996,3.31397748,0.029283811,1.571248728,1.29349116,0.074229732,0.16381764,0.333716004,0.444248316,0.001171352,0.006967701,0,0.33911568,0,0.409167994,0.429365592,0.012442801,0,0.06396066,0.220853513,0,0.04852852,0.062137991,0.01444668,0.007560836,,0.353954304,0,0.008241608,1.14345,0.003904509,0.052418117,0.003904509,0.000746592,0.616806576,0,0.001337863,0.110138004,1.012959432,2.725008624,0.0342,0.032076259,0.024960883,0.447694488,0.132408695,0.012103975,0.59046912,0.372779982,0.001132307,0.275651964,2.16511992,1.33297362,0,0.001561803,0.045292291,0.360774014,2.57820012,0.15761831,0.824191092,2.82906108,0.671671296,1.104357348,0.005466312,0.029798996,0.084258317,0.1643562,1.4594742,0.4344831,2.246256,0.00167629,0.009370819,0.006608575,0.000199887,0.079261517,0,0.014418711,0,0.213759,0.03169849,0.001522758,0.004643617,0.833312592,1.02883194,0.105074892,0.02637553,1.895355,,0.697190688,1.624778928,3.63287304,1.936935,1.135063692,0.1445184,96.9569244,0,
2005,17.6198688,21.22107012,3.478050864,1.78948674,6.44948784,0.000780901,0.001167996,3.056823,0.025379302,1.597506264,1.376470008,0.065343341,0.201506231,0.36627426,0.477480888,0.001028893,0.006658025,0,0.418376916,0,0.404691862,0.421539912,0.117986422,0.000780901,0.075187991,0.232068384,0.00468541,0.04852852,0.058291657,0.015618031,0.007173442,,0.392868324,0,0.012604811,1.472625,0.050758607,0.04232867,0.003904509,0.000559945,0.595536264,0,0.000851459,0.108517277,1.026436932,2.7457119,0.04959,0.021523199,0.025705986,0.416963398,0.142162578,0.010932621,0.68339718,0.420659964,0.001171352,0.38646,2.43719928,1.59522804,0,0.001783549,0.086289624,0.431514,2.35199988,0.150284556,0.827423496,3.06715608,0.750578292,1.173966732,0.003904509,0.052558924,0.080428392,0.16263,1.706508,0.4061745,2.436407892,0.00167629,0.00976127,0.005882158,0.00015991,0.072623851,0.020531225,0.006726046,0,0.206973,0.029833873,0.001600848,0.015920973,0.88263864,1.08037242,0.109453018,0.034387862,2.047815,,0.708263676,1.677428928,3.324204936,1.9663875,1.09566324,0.2237256,99.2796624,0,
2006,18.062064,21.7721232,3.78998172,2.12448924,6.45830604,0.000780901,0.001167996,2.92678164,0.026550654,1.613960928,1.464560172,0.075500017,0.23776056,0.387475452,0.517081248,0.00104891,0.006580606,0,0.448030512,0,0.413224942,0.44122055,0.01740611,0.000780901,0.072214898,0.243528552,0.007028115,0.04852852,0.059746802,0.015618031,0.006858509,,0.390346524,0.16363674,0.013574412,1.895355,0.050758607,0.046695236,0.003904509,0.000373296,0.58831956,0,0.001210249,0.110918423,1.01472516,2.7142956,0.04959,0.01911501,0.036680002,0.37924033,0.15672312,0.012494426,0.714652344,0.424422,0.001015172,0.451269,2.42877204,1.7442792,0.001952254,0.002602259,0.100736305,0.445662,2.32210008,0.154190999,0.968094252,3.168118224,0.874492488,1.19950128,0.005466312,0.061511188,0.084258317,0.1624626,1.889082,0.4001904,2.5123662,0.00167629,0.007391343,0.008196931,0.00015991,0.113230735,0.01829413,0.002937406,0,0.212062486,0.016035707,0.001405623,0.019680091,0.90612936,1.28016972,0.109453018,0.034694557,2.03742,,0.718689384,1.712528928,3.01494312,2.03742,1.25802072,0.24318,102.665376,0,
2007,18.78799932,21.65807268,4.24851948,2.51224776,6.28844796,0.001561803,0.000385603,2.939255424,0.032407416,1.569498264,1.539042624,0.073956308,0.38079162,0.403150572,0.552109356,0.000735639,0.006193512,0,0.479886948,0,0.41607846,0.430114608,0.011031074,0.000780901,0.069554765,0.261283824,0.011323074,0.05599445,0.077027998,0.0221964,0.007630684,,0.34614612,0.223033734,0.013332012,1.929658464,0.114011636,0.041564552,0.003123606,0.000348683,0.538910496,0,0.001026695,0.09332613,1.04272236,2.612848536,0.163546452,0.017195983,0.043108452,0.335256264,0.166513666,0.007812746,0.810348552,0.385091964,0.000718429,0.522575964,2.4346332,1.6869087,0,0.002496167,0.103079012,0.4782024,2.23210008,0.169790724,1.21083228,3.226766544,0.885834612,1.216809108,0.00531013,0.092707168,0.111500366,0.163146996,2.354832,0.3865563,2.545164,0.00167629,0.003684483,0.005059824,0.000119932,0.059738976,0.014785667,0.000724292,0,0.20358,0.01417109,0.000780901,0.020693892,0.968514912,1.35732042,0.06917431,0.034234517,2.2176,,0.719030088,1.765178928,2.717742024,2.12058,1.34089776,0.2459592,105.4031256,0,
2008,19.65842748,22.012308,4.44842712,2.91353976,5.9936976,0.001952254,0.001131077,2.97362808,0.026550654,1.5425406,1.5005844,0.061288913,0.574293276,0.432632772,0.58955112,0.000664577,0.005883836,0,0.496512648,0,0.517538448,0.426599892,0.004110361,0.000780901,0.067794379,0.313879118,0.01444668,0.059727413,0.07718004,0.04291304,0.007465703,,0.37764414,0.25651908,0.010830441,2.04331032,0.232318242,0.036093017,0.003123606,0.000271787,0.490862448,0,0.000681331,0.093438349,1.05810696,2.693877984,0.2324745,0.016481052,0.054452783,0.317346372,0.165747038,0.006562706,0.904287096,0.434339978,0.001171352,0.54378,2.49138252,1.700300736,0,0.002382981,0.121480542,0.438587978,2.55269988,0.160146922,1.18005192,3.57583752,0.868907376,1.24587396,0.005075861,0.125925966,0.113257577,0.154486998,2.868312096,0.376500586,2.751048,0.00167629,0.003706859,0.004070086,0.00011982,0.05310131,0.009063531,0.000652355,0,0.200187,0.011560625,0.001171352,0.021891337,1.07272584,1.34638254,0.119729664,0.039026174,2.2176,,0.730614168,1.763424,2.61974016,2.19681,1.20323556,0.26051526,109.261116,0,
2009,20.07297,19.302831,4.8864816,3.093831,5.58182952,0.001171352,0.001131077,2.75640732,0.026941107,1.45084284,1.681113312,0.062388781,0.573808176,0.436806162,0.674882568,0.000637554,0.005806418,0,0.427737024,0,0.441969926,0.400629942,0.000373669,0.000780901,0.075729557,0.364025502,0.020693892,0.059727413,0.075094092,0.04291304,0.008457903,,0.315243036,0.25809282,0.01165669,2.172208464,0.244812672,0.034326853,0.003123606,0.000339734,0.458862066,0,0.000545586,0.106477686,1.30139784,2.80958598,0.24669828,0.014727118,0.044621032,0.274766198,0.159607152,0.006875216,0.93649356,0.3929238,0.000601294,0.54378,2.38196484,1.8929898,0,0.002382981,0.110737368,0.408685428,2.358,0.167312412,0.834909804,3.72471192,0.86090292,1.249259976,0.003904509,0.129088793,0.121347414,0.154069999,3.327317784,0.3742344,2.68299,0.00167629,0.007043032,0.004083101,0.00011982,0.041387785,0.020888112,0.000574302,0,0.220884289,0.011560625,0.001483713,0.025691663,1.05803028,1.38809556,0.072966564,0.026247692,1.199583,,0.7321473,1.714283892,2.203407,2.103255,1.144654092,0.2782674,105.8724756,0.0281484,
2010,20.7056664,21.54192372,5.18076576,3.47560236,5.38527888,0.00554045,0.000372551,2.7862758,0.02865909,1.403891784,1.894518252,0.065049192,0.586112076,0.447431616,0.693134208,0.000630547,0.001045155,0,0.493722072,0,0.540739872,0.431112528,0.001885128,0.008199467,0.072960775,0.390361954,0.036311926,0.061780547,0.072044323,0.039583584,0.009434686,,0.307293804,0.235667052,0.012995634,2.124737856,0.263163852,0.029024752,0.003123606,0.000175275,0.400463712,0,0.000327274,0.10405575,1.707450732,3.13201836,0.256869324,0.010433704,0.059537218,0.28823634,0.14701374,0.006875216,0.9808866,0.4012686,0.000468541,0.575038764,2.342954016,1.842401304,0,0.00270183,0.128918135,0.439483572,2.70959976,0.179491223,1.11263994,3.82303332,0.92511936,1.27254222,0.004294959,0.263338056,0.110389061,0.154616994,4.432005,0.3608442,2.997971856,0.00167629,0.012974005,0.004111471,0.000279551,0.037873728,0.022556563,0.00207577,0,0.3033342,0.009696009,0.001600848,0.030455161,1.2137436,1.45054908,0.080472773,0.026156322,1.444601736,,0.6994053,1.799998128,2.08443348,2.05717032,1.09626264,0.326625458,113.4075456,0.225190793,
2011,22.224906,22.2057972,5.435505,3.8219616,5.43856788,0.006301823,0.000372551,2.865555,0.029361899,1.357842384,1.960254504,0.064095386,0.575168652,0.454466844,0.704957364,0.000644559,0.001160165,0,0.541224036,0,0.62017074,0.449236476,0.013195895,0.005856762,0.06223586,0.379650478,0.044901842,0.060847297,0.068658926,0.038103818,0.008818536,,0.246856428,0.21874941,0.009490751,2.129157864,0.268630142,0.023985731,0.002733155,0.000105177,0.3767562,0,0.000299251,0.098486363,1.545602112,2.97644544,0.22686912,0.008669244,0.099835884,0.289721772,0.146853216,0.006218945,1.032255612,0.462828564,0.000390451,0.268641,2.410241976,1.875563532,0,0.002315855,0.157842072,0.451800864,2.501899812,0.162073678,1.31132934,3.61824786,0.976603608,1.27222722,0.003904509,0.413299458,0.121582343,0.161184996,5.4128124,0.362862,3.155292,0.001341032,0.019275665,0.004785234,7.99E-05,0.049977702,0.018915131,0.002116783,0,0.2670291,0.010814779,0.000741856,0.019522541,1.21693986,1.392667704,0.076508597,0.029119898,2.027212416,,0.703595988,1.8360108,1.65897108,2.03915232,1.088510328,0.2945952,117.272232,0.3392289,
2012,23.3684928,21.66677748,5.649687,4.01321088,5.4109872,0.006258873,0.000633336,2.823975,0.02967426,1.320883272,2.098288908,0.068887685,0.606128796,0.469866744,0.768106008,0.000737641,0.000773443,0,0.606941064,0,0.713982564,0.441045936,0.014353459,0.010620262,0.049084126,0.414923292,0.045643698,0.066446748,0.064512763,0.038251796,0.009958488,,0.215683002,0.21599537,0.020359827,2.10953448,0.248717174,0.021017241,0.015032356,7.01E-05,0.340609392,0,0.000321272,0.082320912,1.341641592,2.818784412,0.228288427,0.007902692,0.052605832,0.295048944,0.140022468,0.005625177,1.044699264,0.530613,0.000234271,0.417239978,2.49302592,1.830606696,0,0.003049208,0.202054381,0.450399654,2.46250008,0.179066642,1.4097708,4.09905144,1.01959164,1.317500352,0.003904509,0.4304907,0.106143318,0.163568999,5.85166788,0.363527078,3.39708582,0.001609239,0.020832545,0.00592205,8.00E-05,0.042949584,0.018218381,0.002411047,0,0.2188485,0.014805059,0.000585676,0.022646146,1.384194852,1.387166652,0.07373367,0.024243764,2.1226104,,0.698144688,1.90593,1.410925788,2.0349945,1.14857028,0.324992664,119.7427788,0.2742084,
2013,23.60493792,22.12186464,5.6710098,4.3851852,5.46913224,0.006032414,0.000707846,2.856199428,0.036116698,1.2440106,2.18075688,0.055434821,0.62908434,0.50248188,0.790300296,0.00086475,0.001469542,0,0.704705868,0,0.790185384,0.428447304,0.010481311,1.97E-18,0.038282846,0.476045136,0.064424376,0.076301773,0.056296516,0.039435606,0.009587118,,0.17904906,0.253765062,0.020281068,1.94273424,0.25574526,0.013471293,0.012416335,0.000210329,0.309748482,0,0.000270228,0.07190451,1.11827268,2.7944514,0.25461558,0.006756689,0.174712802,0.26522982,0.127889413,0.005187663,1.096040376,0.557842968,0.001249443,0.43776,2.6131896,1.88956944,0,0.003743964,0.218169144,0.462993912,2.606599944,0.187332948,1.19158452,3.8854944,1.1082924,1.281086172,0.004294959,0.4463685,0.135477479,0.160066998,6.04401156,0.3600684,3.421026,0.002011549,0.022982522,0.004860067,0.000119897,0.046073192,0.019344265,0.002361394,0,0.179829,0.012791273,0.000507586,0.025379302,1.401650892,1.39490136,0.073337256,0.020609201,2.1226104,,0.725707944,1.91646,1.33129368,2.012471856,1.10125764,0.338749722,121.164984,0.3727071,
2014,25.37015256,21.28158468,6.3162216,4.7225106,5.7236976,0.00554045,0.001192162,2.8862064,0.028541956,1.24149168,2.34987912,0.050518062,0.661826772,0.529074936,0.82880172,0.000554481,0.001160165,0,0.735336864,0,0.8405163,0.456773256,0.00678646,0.018312142,0.031274496,0.443982024,0.058567622,0.07693637,0.053139348,0.044392799,0.009867425,,0.172823566,0.247863528,0.022762051,1.690597692,0.240517692,0.000708529,0.016398932,3.51E-05,0.290978748,0.001952254,0.000253214,0.066920342,1.05678792,2.75038488,0.271110024,0.005715769,0.303347484,0.245144016,0.119360088,0.004531393,1.179849672,0.513984168,0.001327532,0.42579,2.5982676,1.84679298,0,0.003743964,0.231391512,0.595554912,2.17389996,0.204209773,1.439371152,3.86968068,1.056566808,1.259520768,0.185464134,0.47258028,0.104213448,0.156013992,6.09930792,0.3669948,3.501396,0.002011549,0.022241152,0.003903295,0.000119897,0.037092827,0.013443258,0.00096881,0,0.166257,0.012716688,0.000468541,0.021474794,1.407311712,1.370419308,0.065844965,0.018372706,2.2861503,,0.7278885,1.903985172,1.347534576,2.0266785,1.14437448,0.3546954,123.6816576,0.3514203,
2015,26.65091412,21.0398238,6.60772404,4.88407932,5.78720376,0.005708343,0.001303927,2.93080068,0.030181846,1.277681184,2.67471648,0.048303799,0.676225908,0.525036456,0.930746232,0.000692602,0.001160165,0,0.723371436,0,0.85696182,0.478492272,0.003934415,0.026550654,0.039455183,0.417971376,0.058567622,0.077011031,0.051313518,0.0462425,0.009537065,,0.17256762,0.302944356,0.019572214,1.5332625,0.242079516,0.000890753,0.01475904,0.000350548,0.270879588,0.027920783,0.000219185,0.063741269,1.01314008,2.74183902,0.262839492,0.004993156,0.326386548,0.232188768,0.118025122,0.004718897,0.97715628,0.5782878,0.001171352,0.5298606,2.76645636,1.72609002,0,0.003628171,0.235316916,0.691800552,1.65139992,0.188277192,1.712350188,4.18071168,1.10689632,1.261712448,0.382641804,0.455641776,0.100353686,0.154197,6.33112128,0.3678201,3.572189856,0.0020786,0.022241152,0.003662041,0.000119726,0.042949584,0.007848859,0.002521127,0,0.145899,0.012530226,0.000780901,0.042949584,1.349181612,1.294410816,0.062435772,0.01459624,2.3713272,,0.678008808,2.109554532,1.463802552,1.930005,1.29834036,0.370328386,126.282204,0.1028286,
2016,26.1848196,21.21391224,7.17630912,4.96589796,5.941305,0.006454097,0.001676463,3.29012136,0.066883907,1.342164888,3.3868692,0.04535852,0.65799144,0.519889356,0.952234056,0.00067053,0.00085079,0,0.680382108,0,0.868448736,0.46594242,0.003506308,0.028112445,0.047244384,0.431716212,0.054663145,0.08623138,0.046064286,0.044022884,0.008417337,,0.169203694,0.2482155,0.021541232,1.449063,0.226617779,0.000848336,0.014798084,0.000223076,0.249229494,0.024833316,0.000493164,0.066223271,0.95696334,2.70287856,0.356240808,0.11608992,0.36555264,0.198351468,0.121573775,0.004000132,1.11345228,0.5913522,0.001061539,0.5325102,2.76103728,1.5714513,0.000369567,0.003319394,0.239242262,0.6580827,1.59429996,0.192533724,1.534932648,4.17207312,1.133190072,1.248432732,0.429270876,0.504663624,0.119883899,0.148744994,6.2916678,0.3258999,3.791412,0.00201155,0.020387738,0.003623084,0.000199542,0.037912817,0.006429396,0.002195822,0,0.1272375,0.010777501,0.000741682,0.058675424,1.341853416,1.1261412,0.054269636,0.0140599,2.275929,,0.684823032,2.14274952,1.502574732,1.912464,1.340594388,0.3685914,127.6010424,0.0180405,
2017,26.8621452,22.8801924,7.69860252,5.37118164,6.16566492,,,3.34715508,,1.33739604,3.97060704,,0.639310572,0.520787664,0.957336228,,,,0.66936582,,0.97853112,0.462776652,,,,0.4230891,,,,,,,0.18180103,,,1.757255256,,,,,0.229541803,,,,0.996959628,2.617379532,0.364240728,,,0.189830099,,,1.309613472,0.58487904,,0.4893768,2.86499178,1.377663912,,,,0.640760112,1.36569996,,1.699402248,4.45468176,1.163642868,1.247453928,,0.468386892,,0.145439993,6.13929168,0.360410436,3.93300756,,,,,,,,,0.125541,,,,1.29407454,1.147425408,,,2.11238928,,0.6984513,1.95348456,1.507847292,1.9298448,1.389793896,0.342744818,132.187428,0.01082403,
2018,30.2736996,24.0878088,8.09636292,5.8110786,6.36396552,,,3.378375,,1.419238368,4.58646696,,0.675304812,0.52730838,0.95694372,,,,0.623931912,,0.905844852,0.452349792,,,,0.445548204,,,,,,,0.154539403,,,2.1080997,,,,,0.199503864,,,,0.989693496,2.62086012,0.38065446,,,0.186811085,,,1.410421608,0.606632076,,0.474695064,2.740284,1.363637988,,,,0.610981524,1.1691,,1.737703908,4.36632732,1.30797522,1.231203744,,0.46121346,,0.143326991,6.30730332,0.358475364,4.0356,,,,,,,,,0.1248624,,,,1.250212176,1.22260014,,,2.21460156,,0.708672564,1.905121584,1.463003496,2.0982654,1.138287528,0.3477474,138.80952,0.00360801,
2019,33.411996,24.44496696,8.38440252,6.36269184,6.1065702,,,3.130280856,,1.49814936,5.25968568,,0.861775668,0.585574704,0.910239588,,,,0.543419604,,0.926874972,0.467284896,,,,0.45425592,,,,,,,0.115292038,,,2.337793056,,,,,0.191907324,,,,0.968598864,2.43300366,0.394806708,,,0.16636491,,,1.205855208,0.477158364,,0.485286696,2.789310708,1.321593984,,,,0.66534858,0.998199972,,1.774049292,4.11335424,1.32084702,1.17696348,,0.485848512,,0.143466984,6.3774882,0.346413096,4.0014,,,,,,,,,0.1197729,,,,1.287816732,1.24419204,,,2.27387448,,0.6984513,2.023085304,1.414472832,2.06850276,0.920743848,0.354348,142.8635232,0.00360801,
2020,32.979762,22.98407868,8.98308792,6.98433192,5.962068,,,2.93128596,,1.378530936,5.25110256,,0.931134492,0.59172048,0.8543124,,,,0.52895286,,0.872508204,0.45506844,,,,0.448381116,,,,,,,0.049668944,,,2.104755696,,,,,0.163167131,,,,0.855382536,2.143371096,0.252192726,,,0.140835265,,,1.10211156,0.4405986,,0.444599964,2.599043544,1.27891008,,,,0.630247068,0.7227,,1.779520932,4.01361192,1.32949458,1.101087,,0.43801434,,0.141435997,6.29765424,0.309467592,4.0698,,,,,,,,,0.105182996,,,,1.177256808,1.06074954,,,2.3765274,,0.688230072,1.819828908,1.424570472,1.695642192,0.776199132,0.3182184,138.9816,0.004690413,
2021,33.9891084,25.2762066,9.2394054,7.5316644,6.20455392,,,3.639532104,,1.389905748,5.3359614,,1.145099376,0.620216964,0.849995244,,,,0.545389128,,0.875976372,0.415249524,,,,0.452391912,,,,,,,0.05254398,,,2.44077948,,,,,0.16332539,,,,1.027397232,2.134509948,0.327850542,,,0.114629054,,,0.961038072,0.435297902,,0.521071164,2.80903968,1.381252032,,,,0.618251292,0.649599984,,1.626323508,4.11532128,1.448409492,1.17584694,,0.413389242,,0.139833997,6.3712944,0.310884714,4.12058448,,,,,,,,,0.110713493,,,,1.13493384,0.890027892,,,2.854209384,,0.674601804,2.10044196,1.18027332,1.8330786,1.010127816,0.2591604,145.9231308,0.004690413,
2022,35.2278252,22.26125376,9.33835068,7.98629148,6.66058896,,,3.5343,,1.49730552,5.50135224,,1.228923972,0.615918456,0.837469116,,,,0.482426532,,0.827354268,0.381351564,,,,0.447562022,,,,,,,0.052664839,,,2.321574624,,,,,0.1532619,,,,1.07286948,2.07792216,0.339436728,,,0.113691737,,,0.93460896,0.48066246,,0.533627172,2.96811504,1.452648132,,,,0.60747624,0.542599956,,1.453811904,4.42253808,1.515341592,1.032511032,,0.498093264,,0.144042667,6.42279816,0.317895552,4.33287828,,,,,,,,,0.11045201,,,,0.923150628,0.935275788,,,2.81765484,,0.630309744,2.08786572,1.373591592,1.760252328,1.050394248,0.280699164,145.577376,0.004690413,
